Year,Projection,SEP_Date
2012,0.25,1/25/2012
2012,0.25,1/25/2012
2012,0.25,1/25/2012
2012,0.25,1/25/2012
2012,0.25,1/25/2012
2012,0.25,1/25/2012
2012,0.25,1/25/2012
2012,0.25,1/25/2012
2012,0.25,1/25/2012
2012,0.25,1/25/2012
2012,0.25,1/25/2012
2012,0.25,1/25/2012
2012,0.25,1/25/2012
2012,0.25,1/25/2012
2012,0.5,1/25/2012
2012,1,1/25/2012
2013,0.25,1/25/2012
2013,0.25,1/25/2012
2013,0.25,1/25/2012
2013,0.25,1/25/2012
2013,0.25,1/25/2012
2013,0.25,1/25/2012
2013,0.25,1/25/2012
2013,0.25,1/25/2012
2013,0.25,1/25/2012
2013,0.25,1/25/2012
2013,0.25,1/25/2012
2013,0.5,1/25/2012
2013,0.75,1/25/2012
2013,0.75,1/25/2012
2013,1.75,1/25/2012
2013,2,1/25/2012
2014,0.25,1/25/2012
2014,0.25,1/25/2012
2014,0.25,1/25/2012
2014,0.25,1/25/2012
2014,0.25,1/25/2012
2014,0.25,1/25/2012
2014,0.5,1/25/2012
2014,0.5,1/25/2012
2014,0.75,1/25/2012
2014,1,1/25/2012
2014,1,1/25/2012
2014,1.5,1/25/2012
2014,2,1/25/2012
2014,2.5,1/25/2012
2014,2.5,1/25/2012
2014,2.5,1/25/2012
2014,2.75,1/25/2012
Longer Run,3.75,1/25/2012
Longer Run,4,1/25/2012
Longer Run,4,1/25/2012
Longer Run,4,1/25/2012
Longer Run,4,1/25/2012
Longer Run,4,1/25/2012
Longer Run,4.25,1/25/2012
Longer Run,4.25,1/25/2012
Longer Run,4.25,1/25/2012
Longer Run,4.5,1/25/2012
Longer Run,4.5,1/25/2012
Longer Run,4.5,1/25/2012
Longer Run,4.5,1/25/2012
Longer Run,4.5,1/25/2012
Longer Run,4.5,1/25/2012
2012,0.25,4/25/2012
2012,0.25,4/25/2012
2012,0.25,4/25/2012
2012,0.25,4/25/2012
2012,0.25,4/25/2012
2012,0.25,4/25/2012
2012,0.25,4/25/2012
2012,0.25,4/25/2012
2012,0.25,4/25/2012
2012,0.25,4/25/2012
2012,0.25,4/25/2012
2012,0.25,4/25/2012
2012,0.25,4/25/2012
2012,0.25,4/25/2012
2012,0.5,4/25/2012
2012,1.25,4/25/2012
2013,0.25,4/25/2012
2013,0.25,4/25/2012
2013,0.25,4/25/2012
2013,0.25,4/25/2012
2013,0.25,4/25/2012
2013,0.25,4/25/2012
2013,0.25,4/25/2012
2013,0.25,4/25/2012
2013,0.25,4/25/2012
2013,0.25,4/25/2012
2013,0.25,4/25/2012
2013,0.75,4/25/2012
2013,1,4/25/2012
2013,1,4/25/2012
2013,1.25,4/25/2012
2013,1.75,4/25/2012
2013,1.75,4/25/2012
2014,0.25,4/25/2012
2014,0.25,4/25/2012
2014,0.25,4/25/2012
2014,0.25,4/25/2012
2014,0.5,4/25/2012
2014,0.5,4/25/2012
2014,0.5,4/25/2012
2014,1,4/25/2012
2014,1,4/25/2012
2014,1.5,4/25/2012
2014,2,4/25/2012
2014,2,4/25/2012
2014,2.25,4/25/2012
2014,2.5,4/25/2012
2014,2.5,4/25/2012
2014,2.5,4/25/2012
2014,2.75,4/25/2012
Longer Run,3.5,4/25/2012
Longer Run,3.75,4/25/2012
Longer Run,4,4/25/2012
Longer Run,4,4/25/2012
Longer Run,4,4/25/2012
Longer Run,4,4/25/2012
Longer Run,4.25,4/25/2012
Longer Run,4.25,4/25/2012
Longer Run,4.5,4/25/2012
Longer Run,4.5,4/25/2012
Longer Run,4.5,4/25/2012
Longer Run,4.5,4/25/2012
Longer Run,4.5,4/25/2012
Longer Run,4.5,4/25/2012
Longer Run,4.5,4/25/2012
2012,0.25,6/20/2012
2012,0.25,6/20/2012
2012,0.25,6/20/2012
2012,0.25,6/20/2012
2012,0.25,6/20/2012
2012,0.25,6/20/2012
2012,0.25,6/20/2012
2012,0.25,6/20/2012
2012,0.25,6/20/2012
2012,0.25,6/20/2012
2012,0.25,6/20/2012
2012,0.25,6/20/2012
2012,0.25,6/20/2012
2012,0.25,6/20/2012
2012,0.25,6/20/2012
2012,0.25,6/20/2012
2012,0.5,6/20/2012
2012,0.5,6/20/2012
2012,0.75,6/20/2012
2013,0.25,6/20/2012
2013,0.25,6/20/2012
2013,0.25,6/20/2012
2013,0.25,6/20/2012
2013,0.25,6/20/2012
2013,0.25,6/20/2012
2013,0.25,6/20/2012
2013,0.25,6/20/2012
2013,0.25,6/20/2012
2013,0.25,6/20/2012
2013,0.25,6/20/2012
2013,0.25,6/20/2012
2013,0.25,6/20/2012
2013,0.5,6/20/2012
2013,0.75,6/20/2012
2013,1,6/20/2012
2013,1.25,6/20/2012
2013,1.25,6/20/2012
2013,1.75,6/20/2012
2014,0.25,6/20/2012
2014,0.25,6/20/2012
2014,0.25,6/20/2012
2014,0.25,6/20/2012
2014,0.25,6/20/2012
2014,0.25,6/20/2012
2014,0.5,6/20/2012
2014,0.5,6/20/2012
2014,0.5,6/20/2012
2014,0.5,6/20/2012
2014,0.75,6/20/2012
2014,1.5,6/20/2012
2014,1.5,6/20/2012
2014,1.75,6/20/2012
2014,1.75,6/20/2012
2014,2,6/20/2012
2014,2.5,6/20/2012
2014,2.75,6/20/2012
2014,3,6/20/2012
Longer Run,3,6/20/2012
Longer Run,3.5,6/20/2012
Longer Run,3.75,6/20/2012
Longer Run,4,6/20/2012
Longer Run,4,6/20/2012
Longer Run,4,6/20/2012
Longer Run,4,6/20/2012
Longer Run,4,6/20/2012
Longer Run,4,6/20/2012
Longer Run,4.25,6/20/2012
Longer Run,4.25,6/20/2012
Longer Run,4.25,6/20/2012
Longer Run,4.25,6/20/2012
Longer Run,4.25,6/20/2012
Longer Run,4.5,6/20/2012
Longer Run,4.5,6/20/2012
Longer Run,4.5,6/20/2012
Longer Run,4.5,6/20/2012
Longer Run,4.5,6/20/2012
2012,0.25,9/13/2012
2012,0.25,9/13/2012
2012,0.25,9/13/2012
2012,0.25,9/13/2012
2012,0.25,9/13/2012
2012,0.25,9/13/2012
2012,0.25,9/13/2012
2012,0.25,9/13/2012
2012,0.25,9/13/2012
2012,0.25,9/13/2012
2012,0.25,9/13/2012
2012,0.25,9/13/2012
2012,0.25,9/13/2012
2012,0.25,9/13/2012
2012,0.25,9/13/2012
2012,0.25,9/13/2012
2012,0.25,9/13/2012
2012,0.25,9/13/2012
2012,0.5,9/13/2012
2013,0.25,9/13/2012
2013,0.25,9/13/2012
2013,0.25,9/13/2012
2013,0.25,9/13/2012
2013,0.25,9/13/2012
2013,0.25,9/13/2012
2013,0.25,9/13/2012
2013,0.25,9/13/2012
2013,0.25,9/13/2012
2013,0.25,9/13/2012
2013,0.25,9/13/2012
2013,0.25,9/13/2012
2013,0.25,9/13/2012
2013,0.25,9/13/2012
2013,0.25,9/13/2012
2013,0.5,9/13/2012
2013,0.5,9/13/2012
2013,0.75,9/13/2012
2013,1.75,9/13/2012
2014,0.25,9/13/2012
2014,0.25,9/13/2012
2014,0.25,9/13/2012
2014,0.25,9/13/2012
2014,0.25,9/13/2012
2014,0.25,9/13/2012
2014,0.25,9/13/2012
2014,0.25,9/13/2012
2014,0.25,9/13/2012
2014,0.25,9/13/2012
2014,0.25,9/13/2012
2014,0.25,9/13/2012
2014,0.25,9/13/2012
2014,1.5,9/13/2012
2014,1.5,9/13/2012
2014,1.75,9/13/2012
2014,1.75,9/13/2012
2014,2.5,9/13/2012
2014,3,9/13/2012
2015,0.25,9/13/2012
2015,0.5,9/13/2012
2015,0.5,9/13/2012
2015,0.75,9/13/2012
2015,0.75,9/13/2012
2015,0.75,9/13/2012
2015,1,9/13/2012
2015,1,9/13/2012
2015,1,9/13/2012
2015,1,9/13/2012
2015,1.5,9/13/2012
2015,2.5,9/13/2012
2015,2.5,9/13/2012
2015,3.5,9/13/2012
2015,3.75,9/13/2012
2015,4,9/13/2012
2015,4.5,9/13/2012
Longer Run,3,9/13/2012
Longer Run,3.5,9/13/2012
Longer Run,3.75,9/13/2012
Longer Run,4,9/13/2012
Longer Run,4.25,9/13/2012
Longer Run,4.5,9/13/2012
2012,0.25,12/12/2012
2012,0.25,12/12/2012
2012,0.25,12/12/2012
2012,0.25,12/12/2012
2012,0.25,12/12/2012
2012,0.25,12/12/2012
2012,0.25,12/12/2012
2012,0.25,12/12/2012
2012,0.25,12/12/2012
2012,0.25,12/12/2012
2013,0.25,12/12/2012
2013,0.25,12/12/2012
2013,0.25,12/12/2012
2013,0.25,12/12/2012
2013,0.25,12/12/2012
2013,0.25,12/12/2012
2013,0.25,12/12/2012
2013,0.25,12/12/2012
2013,0.25,12/12/2012
2013,0.25,12/12/2012
2013,0.5,12/12/2012
2013,1,12/12/2012
2014,0.25,12/12/2012
2014,0.25,12/12/2012
2014,0.25,12/12/2012
2014,0.25,12/12/2012
2014,0.25,12/12/2012
2014,0.25,12/12/2012
2014,0.25,12/12/2012
2014,0.25,12/12/2012
2014,0.5,12/12/2012
2014,1.5,12/12/2012
2014,1.75,12/12/2012
2014,2.75,12/12/2012
2015,0.25,12/12/2012
2015,0.5,12/12/2012
2015,0.5,12/12/2012
2015,0.5,12/12/2012
2015,0.75,12/12/2012
2015,1,12/12/2012
2015,1.25,12/12/2012
2015,2,12/12/2012
2015,2.5,12/12/2012
2015,3.5,12/12/2012
2015,3.75,12/12/2012
2015,4.5,12/12/2012
Longer Run,3,12/12/2012
Longer Run,3.5,12/12/2012
Longer Run,3.75,12/12/2012
Longer Run,4,12/12/2012
Longer Run,4.25,12/12/2012
Longer Run,4.5,12/12/2012
2013,0.25,3/20/2013
2013,0.25,3/20/2013
2013,0.25,3/20/2013
2013,0.25,3/20/2013
2013,0.25,3/20/2013
2013,0.25,3/20/2013
2013,0.25,3/20/2013
2013,0.25,3/20/2013
2013,0.25,3/20/2013
2013,0.25,3/20/2013
2013,0.25,3/20/2013
2013,0.25,3/20/2013
2013,0.25,3/20/2013
2013,0.25,3/20/2013
2013,0.25,3/20/2013
2013,0.25,3/20/2013
2013,0.25,3/20/2013
2013,0.25,3/20/2013
2013,1,3/20/2013
2014,0.25,3/20/2013
2014,0.25,3/20/2013
2014,0.25,3/20/2013
2014,0.25,3/20/2013
2014,0.25,3/20/2013
2014,0.25,3/20/2013
2014,0.25,3/20/2013
2014,0.25,3/20/2013
2014,0.25,3/20/2013
2014,0.25,3/20/2013
2014,0.25,3/20/2013
2014,0.25,3/20/2013
2014,0.25,3/20/2013
2014,0.25,3/20/2013
2014,0.5,3/20/2013
2014,1,3/20/2013
2014,1,3/20/2013
2014,1.75,3/20/2013
2014,2.75,3/20/2013
2015,0.25,3/20/2013
2015,0.5,3/20/2013
2015,0.5,3/20/2013
2015,0.5,3/20/2013
2015,0.5,3/20/2013
2015,0.5,3/20/2013
2015,0.5,3/20/2013
2015,0.5,3/20/2013
2015,0.75,3/20/2013
2015,1,3/20/2013
2015,1,3/20/2013
2015,1.25,3/20/2013
2015,1.25,3/20/2013
2015,1.25,3/20/2013
2015,1.25,3/20/2013
2015,2,3/20/2013
2015,3,3/20/2013
2015,3.75,3/20/2013
2015,4.5,3/20/2013
Longer Run,3.25,3/20/2013
Longer Run,3.5,3/20/2013
Longer Run,3.5,3/20/2013
Longer Run,3.75,3/20/2013
Longer Run,4,3/20/2013
Longer Run,4,3/20/2013
Longer Run,4,3/20/2013
Longer Run,4,3/20/2013
Longer Run,4,3/20/2013
Longer Run,4,3/20/2013
Longer Run,4,3/20/2013
Longer Run,4,3/20/2013
Longer Run,4,3/20/2013
Longer Run,4.25,3/20/2013
Longer Run,4.25,3/20/2013
Longer Run,4.25,3/20/2013
Longer Run,4.5,3/20/2013
Longer Run,4.5,3/20/2013
Longer Run,4.5,3/20/2013
2013,0.25,6/19/2013
2013,0.25,6/19/2013
2013,0.25,6/19/2013
2013,0.25,6/19/2013
2013,0.25,6/19/2013
2013,0.25,6/19/2013
2013,0.25,6/19/2013
2013,0.25,6/19/2013
2013,0.25,6/19/2013
2013,0.25,6/19/2013
2013,0.25,6/19/2013
2013,0.25,6/19/2013
2013,0.25,6/19/2013
2013,0.25,6/19/2013
2013,0.25,6/19/2013
2013,0.25,6/19/2013
2013,0.25,6/19/2013
2013,0.25,6/19/2013
2013,0.5,6/19/2013
2014,0.25,6/19/2013
2014,0.25,6/19/2013
2014,0.25,6/19/2013
2014,0.25,6/19/2013
2014,0.25,6/19/2013
2014,0.25,6/19/2013
2014,0.25,6/19/2013
2014,0.25,6/19/2013
2014,0.25,6/19/2013
2014,0.25,6/19/2013
2014,0.25,6/19/2013
2014,0.25,6/19/2013
2014,0.25,6/19/2013
2014,0.25,6/19/2013
2014,0.25,6/19/2013
2014,1,6/19/2013
2014,1,6/19/2013
2014,1,6/19/2013
2014,1.5,6/19/2013
2015,0.25,6/19/2013
2015,0.5,6/19/2013
2015,0.5,6/19/2013
2015,0.75,6/19/2013
2015,0.75,6/19/2013
2015,0.75,6/19/2013
2015,1,6/19/2013
2015,1,6/19/2013
2015,1,6/19/2013
2015,1,6/19/2013
2015,1.25,6/19/2013
2015,1.25,6/19/2013
2015,1.5,6/19/2013
2015,1.5,6/19/2013
2015,1.5,6/19/2013
2015,2,6/19/2013
2015,3,6/19/2013
2015,3,6/19/2013
2015,3,6/19/2013
Longer Run,3.25,6/19/2013
Longer Run,3.5,6/19/2013
Longer Run,3.5,6/19/2013
Longer Run,3.75,6/19/2013
Longer Run,4,6/19/2013
Longer Run,4,6/19/2013
Longer Run,4,6/19/2013
Longer Run,4,6/19/2013
Longer Run,4,6/19/2013
Longer Run,4,6/19/2013
Longer Run,4,6/19/2013
Longer Run,4,6/19/2013
Longer Run,4,6/19/2013
Longer Run,4.25,6/19/2013
Longer Run,4.25,6/19/2013
Longer Run,4.25,6/19/2013
Longer Run,4.5,6/19/2013
Longer Run,4.5,6/19/2013
Longer Run,4.5,6/19/2013
2013,0.25,9/18/2013
2013,0.25,9/18/2013
2013,0.25,9/18/2013
2013,0.25,9/18/2013
2013,0.25,9/18/2013
2013,0.25,9/18/2013
2013,0.25,9/18/2013
2013,0.25,9/18/2013
2013,0.25,9/18/2013
2013,0.25,9/18/2013
2013,0.25,9/18/2013
2013,0.25,9/18/2013
2013,0.25,9/18/2013
2013,0.25,9/18/2013
2013,0.25,9/18/2013
2013,0.25,9/18/2013
2013,0.25,9/18/2013
2014,0.25,9/18/2013
2014,0.25,9/18/2013
2014,0.25,9/18/2013
2014,0.25,9/18/2013
2014,0.25,9/18/2013
2014,0.25,9/18/2013
2014,0.25,9/18/2013
2014,0.25,9/18/2013
2014,0.25,9/18/2013
2014,0.25,9/18/2013
2014,0.25,9/18/2013
2014,0.25,9/18/2013
2014,0.25,9/18/2013
2014,0.25,9/18/2013
2014,1,9/18/2013
2014,1,9/18/2013
2014,1.25,9/18/2013
2015,0.25,9/18/2013
2015,0.25,9/18/2013
2015,0.5,9/18/2013
2015,0.75,9/18/2013
2015,0.75,9/18/2013
2015,0.75,9/18/2013
2015,0.75,9/18/2013
2015,0.75,9/18/2013
2015,1,9/18/2013
2015,1,9/18/2013
2015,1,9/18/2013
2015,1.25,9/18/2013
2015,1.5,9/18/2013
2015,1.5,9/18/2013
2015,3,9/18/2013
2015,3,9/18/2013
2015,3.25,9/18/2013
2016,0.5,9/18/2013
2016,1,9/18/2013
2016,1.5,9/18/2013
2016,1.75,9/18/2013
2016,1.75,9/18/2013
2016,1.75,9/18/2013
2016,1.75,9/18/2013
2016,1.75,9/18/2013
2016,2,9/18/2013
2016,2,9/18/2013
2016,2.5,9/18/2013
2016,2.5,9/18/2013
2016,2.75,9/18/2013
2016,2.75,9/18/2013
2016,4,9/18/2013
2016,4,9/18/2013
2016,4.25,9/18/2013
Longer Run,3.25,9/18/2013
Longer Run,3.5,9/18/2013
Longer Run,3.5,9/18/2013
Longer Run,3.75,9/18/2013
Longer Run,4,9/18/2013
Longer Run,4,9/18/2013
Longer Run,4,9/18/2013
Longer Run,4,9/18/2013
Longer Run,4,9/18/2013
Longer Run,4,9/18/2013
Longer Run,4,9/18/2013
Longer Run,4,9/18/2013
Longer Run,4,9/18/2013
Longer Run,4,9/18/2013
Longer Run,4.25,9/18/2013
Longer Run,4.25,9/18/2013
Longer Run,4.25,9/18/2013
2013,0.25,12/18/2013
2013,0.25,12/18/2013
2013,0.25,12/18/2013
2013,0.25,12/18/2013
2013,0.25,12/18/2013
2013,0.25,12/18/2013
2013,0.25,12/18/2013
2013,0.25,12/18/2013
2013,0.25,12/18/2013
2013,0.25,12/18/2013
2013,0.25,12/18/2013
2013,0.25,12/18/2013
2013,0.25,12/18/2013
2013,0.25,12/18/2013
2013,0.25,12/18/2013
2013,0.25,12/18/2013
2013,0.25,12/18/2013
2014,0.25,12/18/2013
2014,0.25,12/18/2013
2014,0.25,12/18/2013
2014,0.25,12/18/2013
2014,0.25,12/18/2013
2014,0.25,12/18/2013
2014,0.25,12/18/2013
2014,0.25,12/18/2013
2014,0.25,12/18/2013
2014,0.25,12/18/2013
2014,0.25,12/18/2013
2014,0.25,12/18/2013
2014,0.25,12/18/2013
2014,0.25,12/18/2013
2014,0.25,12/18/2013
2014,0.75,12/18/2013
2014,1.25,12/18/2013
2015,0.25,12/18/2013
2015,0.25,12/18/2013
2015,0.25,12/18/2013
2015,0.5,12/18/2013
2015,0.5,12/18/2013
2015,0.5,12/18/2013
2015,0.75,12/18/2013
2015,0.75,12/18/2013
2015,0.75,12/18/2013
2015,0.75,12/18/2013
2015,1,12/18/2013
2015,1,12/18/2013
2015,1.25,12/18/2013
2015,1.5,12/18/2013
2015,2,12/18/2013
2015,2.75,12/18/2013
2015,3.25,12/18/2013
2016,0.5,12/18/2013
2016,1,12/18/2013
2016,1.25,12/18/2013
2016,1.5,12/18/2013
2016,1.5,12/18/2013
2016,1.75,12/18/2013
2016,1.75,12/18/2013
2016,1.75,12/18/2013
2016,1.75,12/18/2013
2016,2,12/18/2013
2016,2.5,12/18/2013
2016,2.5,12/18/2013
2016,2.75,12/18/2013
2016,3,12/18/2013
2016,3.25,12/18/2013
2016,4,12/18/2013
2016,4.25,12/18/2013
Longer Run,3.5,12/18/2013
Longer Run,3.5,12/18/2013
Longer Run,3.5,12/18/2013
Longer Run,3.5,12/18/2013
Longer Run,3.75,12/18/2013
Longer Run,3.75,12/18/2013
Longer Run,4,12/18/2013
Longer Run,4,12/18/2013
Longer Run,4,12/18/2013
Longer Run,4,12/18/2013
Longer Run,4,12/18/2013
Longer Run,4,12/18/2013
Longer Run,4,12/18/2013
Longer Run,4,12/18/2013
Longer Run,4,12/18/2013
Longer Run,4.25,12/18/2013
Longer Run,4.25,12/18/2013
2014,0.25,3/19/2014
2014,0.25,3/19/2014
2014,0.25,3/19/2014
2014,0.25,3/19/2014
2014,0.25,3/19/2014
2014,0.25,3/19/2014
2014,0.25,3/19/2014
2014,0.25,3/19/2014
2014,0.25,3/19/2014
2014,0.25,3/19/2014
2014,0.25,3/19/2014
2014,0.25,3/19/2014
2014,0.25,3/19/2014
2014,0.25,3/19/2014
2014,0.25,3/19/2014
2014,1,3/19/2014
2015,0.25,3/19/2014
2015,0.25,3/19/2014
2015,0.5,3/19/2014
2015,0.5,3/19/2014
2015,0.75,3/19/2014
2015,0.75,3/19/2014
2015,1,3/19/2014
2015,1,3/19/2014
2015,1,3/19/2014
2015,1,3/19/2014
2015,1,3/19/2014
2015,1.25,3/19/2014
2015,1.5,3/19/2014
2015,2,3/19/2014
2015,2.25,3/19/2014
2015,3,3/19/2014
2016,0.75,3/19/2014
2016,1.25,3/19/2014
2016,1.75,3/19/2014
2016,1.75,3/19/2014
2016,2,3/19/2014
2016,2,3/19/2014
2016,2,3/19/2014
2016,2.25,3/19/2014
2016,2.25,3/19/2014
2016,2.5,3/19/2014
2016,2.75,3/19/2014
2016,2.75,3/19/2014
2016,3,3/19/2014
2016,3.5,3/19/2014
2016,4,3/19/2014
2016,4.25,3/19/2014
Longer Run,3.5,3/19/2014
Longer Run,3.5,3/19/2014
Longer Run,3.5,3/19/2014
Longer Run,3.5,3/19/2014
Longer Run,3.75,3/19/2014
Longer Run,3.75,3/19/2014
Longer Run,4,3/19/2014
Longer Run,4,3/19/2014
Longer Run,4,3/19/2014
Longer Run,4,3/19/2014
Longer Run,4,3/19/2014
Longer Run,4,3/19/2014
Longer Run,4,3/19/2014
Longer Run,4,3/19/2014
Longer Run,4.25,3/19/2014
Longer Run,4.25,3/19/2014
2014,0.25,6/18/2014
2014,0.25,6/18/2014
2014,0.25,6/18/2014
2014,0.25,6/18/2014
2014,0.25,6/18/2014
2014,0.25,6/18/2014
2014,0.25,6/18/2014
2014,0.25,6/18/2014
2014,0.25,6/18/2014
2014,0.25,6/18/2014
2014,0.25,6/18/2014
2014,0.25,6/18/2014
2014,0.25,6/18/2014
2014,0.25,6/18/2014
2014,0.25,6/18/2014
2014,1,6/18/2014
2015,0.25,6/18/2014
2015,0.25,6/18/2014
2015,0.25,6/18/2014
2015,0.5,6/18/2014
2015,0.75,6/18/2014
2015,1,6/18/2014
2015,1,6/18/2014
2015,1,6/18/2014
2015,1.25,6/18/2014
2015,1.25,6/18/2014
2015,1.25,6/18/2014
2015,1.5,6/18/2014
2015,1.75,6/18/2014
2015,2,6/18/2014
2015,2.25,6/18/2014
2015,3,6/18/2014
2016,0.5,6/18/2014
2016,1,6/18/2014
2016,1.25,6/18/2014
2016,2,6/18/2014
2016,2,6/18/2014
2016,2.25,6/18/2014
2016,2.25,6/18/2014
2016,2.5,6/18/2014
2016,2.5,6/18/2014
2016,2.75,6/18/2014
2016,3,6/18/2014
2016,3,6/18/2014
2016,3.5,6/18/2014
2016,3.75,6/18/2014
2016,4,6/18/2014
2016,4.25,6/18/2014
Longer Run,3.25,6/18/2014
Longer Run,3.5,6/18/2014
Longer Run,3.5,6/18/2014
Longer Run,3.5,6/18/2014
Longer Run,3.75,6/18/2014
Longer Run,3.75,6/18/2014
Longer Run,3.75,6/18/2014
Longer Run,3.75,6/18/2014
Longer Run,3.75,6/18/2014
Longer Run,3.75,6/18/2014
Longer Run,3.75,6/18/2014
Longer Run,4,6/18/2014
Longer Run,4,6/18/2014
Longer Run,4,6/18/2014
Longer Run,4.25,6/18/2014
Longer Run,4.25,6/18/2014
2014,0.125,9/17/2014
2014,0.125,9/17/2014
2014,0.125,9/17/2014
2014,0.125,9/17/2014
2014,0.125,9/17/2014
2014,0.125,9/17/2014
2014,0.125,9/17/2014
2014,0.125,9/17/2014
2014,0.125,9/17/2014
2014,0.125,9/17/2014
2014,0.125,9/17/2014
2014,0.125,9/17/2014
2014,0.125,9/17/2014
2014,0.125,9/17/2014
2014,0.125,9/17/2014
2014,0.125,9/17/2014
2014,0.875,9/17/2014
2015,0.125,9/17/2014
2015,0.125,9/17/2014
2015,0.375,9/17/2014
2015,0.875,9/17/2014
2015,0.875,9/17/2014
2015,0.875,9/17/2014
2015,1.125,9/17/2014
2015,1.125,9/17/2014
2015,1.375,9/17/2014
2015,1.375,9/17/2014
2015,1.375,9/17/2014
2015,1.625,9/17/2014
2015,1.875,9/17/2014
2015,1.875,9/17/2014
2015,1.875,9/17/2014
2015,1.875,9/17/2014
2015,2.875,9/17/2014
2016,0.375,9/17/2014
2016,1.125,9/17/2014
2016,1.625,9/17/2014
2016,2.125,9/17/2014
2016,2.125,9/17/2014
2016,2.375,9/17/2014
2016,2.375,9/17/2014
2016,2.625,9/17/2014
2016,2.875,9/17/2014
2016,2.875,9/17/2014
2016,3,9/17/2014
2016,3.125,9/17/2014
2016,3.375,9/17/2014
2016,3.875,9/17/2014
2016,3.875,9/17/2014
2016,3.875,9/17/2014
2017,2,9/17/2014
2017,2.625,9/17/2014
2017,3.125,9/17/2014
2017,3.125,9/17/2014
2017,3.125,9/17/2014
2017,3.375,9/17/2014
2017,3.375,9/17/2014
2017,3.625,9/17/2014
2017,3.75,9/17/2014
2017,3.75,9/17/2014
2017,3.875,9/17/2014
2017,3.875,9/17/2014
2017,3.875,9/17/2014
2017,4.125,9/17/2014
2017,4.375,9/17/2014
Longer Run,3.25,9/17/2014
Longer Run,3.5,9/17/2014
Longer Run,3.5,9/17/2014
Longer Run,3.5,9/17/2014
Longer Run,3.75,9/17/2014
Longer Run,3.75,9/17/2014
Longer Run,3.75,9/17/2014
Longer Run,3.75,9/17/2014
Longer Run,3.875,9/17/2014
Longer Run,3.875,9/17/2014
Longer Run,4.25,9/17/2014
2014,0.125,12/17/2014
2014,0.125,12/17/2014
2014,0.125,12/17/2014
2014,0.125,12/17/2014
2014,0.125,12/17/2014
2014,0.125,12/17/2014
2014,0.125,12/17/2014
2014,0.125,12/17/2014
2014,0.125,12/17/2014
2014,0.125,12/17/2014
2014,0.125,12/17/2014
2014,0.125,12/17/2014
2014,0.125,12/17/2014
2014,0.125,12/17/2014
2014,0.125,12/17/2014
2014,0.125,12/17/2014
2014,0.125,12/17/2014
2015,0.125,12/17/2014
2015,0.125,12/17/2014
2015,0.625,12/17/2014
2015,0.625,12/17/2014
2015,0.875,12/17/2014
2015,0.875,12/17/2014
2015,0.875,12/17/2014
2015,0.875,12/17/2014
2015,1.125,12/17/2014
2015,1.125,12/17/2014
2015,1.125,12/17/2014
2015,1.625,12/17/2014
2015,1.625,12/17/2014
2015,1.875,12/17/2014
2015,1.875,12/17/2014
2015,1.875,12/17/2014
2015,1.875,12/17/2014
2016,0.375,12/17/2014
2016,1.125,12/17/2014
2016,1.875,12/17/2014
2016,1.875,12/17/2014
2016,2.125,12/17/2014
2016,2.125,12/17/2014
2016,2.125,12/17/2014
2016,2.375,12/17/2014
2016,2.5,12/17/2014
2016,2.625,12/17/2014
2016,2.875,12/17/2014
2016,3.125,12/17/2014
2016,3.125,12/17/2014
2016,3.375,12/17/2014
2016,3.625,12/17/2014
2016,3.875,12/17/2014
2017,2,12/17/2014
2017,2.625,12/17/2014
2017,2.875,12/17/2014
2017,3.125,12/17/2014
2017,3.125,12/17/2014
2017,3.375,12/17/2014
2017,3.375,12/17/2014
2017,3.625,12/17/2014
2017,3.625,12/17/2014
2017,3.75,12/17/2014
2017,3.75,12/17/2014
2017,3.75,12/17/2014
2017,3.875,12/17/2014
2017,4.125,12/17/2014
2017,4.25,12/17/2014
2017,4.25,12/17/2014
Longer Run,3.25,12/17/2014
Longer Run,3.5,12/17/2014
Longer Run,3.5,12/17/2014
Longer Run,3.5,12/17/2014
Longer Run,3.75,12/17/2014
Longer Run,3.75,12/17/2014
Longer Run,3.75,12/17/2014
Longer Run,3.75,12/17/2014
Longer Run,3.75,12/17/2014
Longer Run,3.75,12/17/2014
Longer Run,3.75,12/17/2014
Longer Run,3.75,12/17/2014
Longer Run,4.25,12/17/2014
Longer Run,4.25,12/17/2014
2015,0.375,3/18/2015
2015,0.375,3/18/2015
2015,0.375,3/18/2015
2015,0.375,3/18/2015
2015,0.375,3/18/2015
2015,0.375,3/18/2015
2015,0.375,3/18/2015
2015,0.625,3/18/2015
2015,0.625,3/18/2015
2015,0.625,3/18/2015
2015,0.875,3/18/2015
2015,1.125,3/18/2015
2015,1.125,3/18/2015
2015,1.375,3/18/2015
2015,8.25,3/18/2015
2016,0.875,3/18/2015
2016,1.375,3/18/2015
2016,1.375,3/18/2015
2016,1.375,3/18/2015
2016,1.375,3/18/2015
2016,1.375,3/18/2015
2016,1.375,3/18/2015
2016,1.625,3/18/2015
2016,1.625,3/18/2015
2016,1.625,3/18/2015
2016,1.875,3/18/2015
2016,2,3/18/2015
2016,2.375,3/18/2015
2016,3.125,3/18/2015
2016,3.125,3/18/2015
2016,3.5,3/18/2015
2017,1.75,3/18/2015
2017,2.375,3/18/2015
2017,2.375,3/18/2015
2017,2.375,3/18/2015
2017,2.625,3/18/2015
2017,2.625,3/18/2015
2017,2.875,3/18/2015
2017,2.875,3/18/2015
2017,2.875,3/18/2015
2017,2.875,3/18/2015
2017,3.125,3/18/2015
2017,3.375,3/18/2015
2017,3.375,3/18/2015
2017,3.5,3/18/2015
2017,3.5,3/18/2015
2017,3.625,3/18/2015
Longer Run,2.75,3/18/2015
Longer Run,3.25,3/18/2015
Longer Run,3.25,3/18/2015
Longer Run,3.25,3/18/2015
Longer Run,3.25,3/18/2015
Longer Run,3.25,3/18/2015
Longer Run,3.25,3/18/2015
Longer Run,3.25,3/18/2015
Longer Run,3.5,3/18/2015
Longer Run,3.5,3/18/2015
Longer Run,3.5,3/18/2015
Longer Run,3.5,3/18/2015
Longer Run,3.5,3/18/2015
Longer Run,3.5,3/18/2015
Longer Run,4,3/18/2015
Longer Run,6.5,3/18/2015
2015,0.375,6/17/2015
2015,0.375,6/17/2015
2015,0.375,6/17/2015
2015,0.375,6/17/2015
2015,0.375,6/17/2015
2015,0.625,6/17/2015
2015,0.625,6/17/2015
2015,0.625,6/17/2015
2015,0.625,6/17/2015
2015,0.625,6/17/2015
2015,8.25,6/17/2015
2016,0.625,6/17/2015
2016,0.875,6/17/2015
2016,1.125,6/17/2015
2016,1.125,6/17/2015
2016,1.125,6/17/2015
2016,1.125,6/17/2015
2016,1.375,6/17/2015
2016,1.375,6/17/2015
2016,1.375,6/17/2015
2016,1.625,6/17/2015
2016,1.875,6/17/2015
2016,2,6/17/2015
2016,2.125,6/17/2015
2016,2.375,6/17/2015
2016,2.625,6/17/2015
2016,2.625,6/17/2015
2017,1.75,6/17/2015
2017,1.875,6/17/2015
2017,2.125,6/17/2015
2017,2.125,6/17/2015
2017,2.125,6/17/2015
2017,2.375,6/17/2015
2017,2.375,6/17/2015
2017,2.375,6/17/2015
2017,2.625,6/17/2015
2017,2.875,6/17/2015
2017,3.125,6/17/2015
2017,3.375,6/17/2015
2017,3.375,6/17/2015
2017,3.5,6/17/2015
2017,3.5,6/17/2015
2017,3.625,6/17/2015
2017,3.625,6/17/2015
Longer Run,3.25,6/17/2015
Longer Run,3.25,6/17/2015
Longer Run,3.25,6/17/2015
Longer Run,3.25,6/17/2015
Longer Run,3.25,6/17/2015
Longer Run,3.5,6/17/2015
Longer Run,3.5,6/17/2015
Longer Run,3.5,6/17/2015
Longer Run,3.5,6/17/2015
Longer Run,3.5,6/17/2015
Longer Run,3.5,6/17/2015
Longer Run,4,6/17/2015
Longer Run,6.5,6/17/2015
2015,-0.125,9/17/2015
2015,-0.125,9/17/2015
2015,-0.125,9/17/2015
2015,0.125,9/17/2015
2015,0.125,9/17/2015
2015,0.125,9/17/2015
2015,0.125,9/17/2015
2015,0.125,9/17/2015
2015,0.125,9/17/2015
2015,0.125,9/17/2015
2015,0.375,9/17/2015
2015,0.375,9/17/2015
2015,0.375,9/17/2015
2015,0.375,9/17/2015
2015,0.375,9/17/2015
2015,0.625,9/17/2015
2015,8.5,9/17/2015
2016,0.625,9/17/2015
2016,0.625,9/17/2015
2016,0.875,9/17/2015
2016,0.875,9/17/2015
2016,0.875,9/17/2015
2016,0.875,9/17/2015
2016,1.125,9/17/2015
2016,1.125,9/17/2015
2016,1.375,9/17/2015
2016,1.375,9/17/2015
2016,1.375,9/17/2015
2016,1.625,9/17/2015
2016,1.875,9/17/2015
2016,1.875,9/17/2015
2016,2.125,9/17/2015
2016,2.625,9/17/2015
2017,0.75,9/17/2015
2017,1.625,9/17/2015
2017,1.625,9/17/2015
2017,1.875,9/17/2015
2017,1.875,9/17/2015
2017,2.125,9/17/2015
2017,2.125,9/17/2015
2017,2.375,9/17/2015
2017,2.375,9/17/2015
2017,2.375,9/17/2015
2017,2.75,9/17/2015
2017,2.75,9/17/2015
2017,2.875,9/17/2015
2017,3.125,9/17/2015
2017,3.125,9/17/2015
2017,3.625,9/17/2015
2017,6.75,9/17/2015
2018,2.625,9/17/2015
2018,2.625,9/17/2015
2018,2.75,9/17/2015
2018,2.875,9/17/2015
2018,3,9/17/2015
2018,3,9/17/2015
2018,3.125,9/17/2015
2018,3.375,9/17/2015
2018,3.375,9/17/2015
2018,3.375,9/17/2015
2018,3.625,9/17/2015
Longer Run,2.75,9/17/2015
Longer Run,3,9/17/2015
Longer Run,3,9/17/2015
Longer Run,3,9/17/2015
Longer Run,3,9/17/2015
Longer Run,3,9/17/2015
Longer Run,3,9/17/2015
Longer Run,3.5,9/17/2015
Longer Run,3.5,9/17/2015
Longer Run,3.5,9/17/2015
Longer Run,3.75,9/17/2015
Longer Run,6.5,9/17/2015
2015,0.125,12/16/2015
2015,0.125,12/16/2015
2015,0.375,12/16/2015
2015,0.375,12/16/2015
2015,0.375,12/16/2015
2015,0.375,12/16/2015
2015,0.375,12/16/2015
2015,0.375,12/16/2015
2015,0.375,12/16/2015
2015,0.375,12/16/2015
2015,0.375,12/16/2015
2015,0.375,12/16/2015
2015,0.375,12/16/2015
2015,0.375,12/16/2015
2016,0.875,12/16/2015
2016,0.875,12/16/2015
2016,0.875,12/16/2015
2016,0.875,12/16/2015
2016,1.125,12/16/2015
2016,1.125,12/16/2015
2016,1.375,12/16/2015
2016,1.375,12/16/2015
2016,1.375,12/16/2015
2016,1.375,12/16/2015
2016,1.375,12/16/2015
2016,1.375,12/16/2015
2016,1.625,12/16/2015
2016,1.625,12/16/2015
2016,2.125,12/16/2015
2017,1.875,12/16/2015
2017,1.875,12/16/2015
2017,1.875,12/16/2015
2017,1.875,12/16/2015
2017,2.125,12/16/2015
2017,2.125,12/16/2015
2017,2.375,12/16/2015
2017,2.375,12/16/2015
2017,2.375,12/16/2015
2017,2.375,12/16/2015
2017,2.625,12/16/2015
2017,2.625,12/16/2015
2017,3,12/16/2015
2017,3.125,12/16/2015
2017,3.125,12/16/2015
2017,3.375,12/16/2015
2018,2.125,12/16/2015
2018,2.5,12/16/2015
2018,2.875,12/16/2015
2018,2.875,12/16/2015
2018,2.875,12/16/2015
2018,2.875,12/16/2015
2018,3,12/16/2015
2018,3.125,12/16/2015
2018,3.25,12/16/2015
2018,3.375,12/16/2015
2018,3.375,12/16/2015
2018,3.375,12/16/2015
2018,3.5,12/16/2015
2018,3.5,12/16/2015
2018,3.625,12/16/2015
2018,3.625,12/16/2015
2018,3.875,12/16/2015
Longer Run,3,12/16/2015
Longer Run,3,12/16/2015
Longer Run,3.25,12/16/2015
Longer Run,3.25,12/16/2015
Longer Run,3.25,12/16/2015
Longer Run,3.25,12/16/2015
Longer Run,3.25,12/16/2015
Longer Run,3.25,12/16/2015
Longer Run,3.5,12/16/2015
Longer Run,3.5,12/16/2015
Longer Run,3.5,12/16/2015
Longer Run,3.5,12/16/2015
Longer Run,3.5,12/16/2015
Longer Run,3.5,12/16/2015
Longer Run,3.75,12/16/2015
Longer Run,3.75,12/16/2015
Longer Run,4,12/16/2015
2016,0.625,3/16/2016
2016,0.875,3/16/2016
2016,0.875,3/16/2016
2016,0.875,3/16/2016
2016,0.875,3/16/2016
2016,0.875,3/16/2016
2016,0.875,3/16/2016
2016,0.875,3/16/2016
2016,0.875,3/16/2016
2016,0.875,3/16/2016
2016,1.125,3/16/2016
2016,1.125,3/16/2016
2016,1.125,3/16/2016
2016,1.375,3/16/2016
2016,1.375,3/16/2016
2016,1.375,3/16/2016
2016,1.375,3/16/2016
2017,1.625,3/16/2016
2017,1.625,3/16/2016
2017,1.625,3/16/2016
2017,1.625,3/16/2016
2017,1.875,3/16/2016
2017,1.875,3/16/2016
2017,1.875,3/16/2016
2017,1.875,3/16/2016
2017,1.875,3/16/2016
2017,2.125,3/16/2016
2017,2.125,3/16/2016
2017,2.125,3/16/2016
2017,2.375,3/16/2016
2017,2.375,3/16/2016
2017,2.375,3/16/2016
2017,2.625,3/16/2016
2017,2.75,3/16/2016
2018,2.125,3/16/2016
2018,2.375,3/16/2016
2018,2.375,3/16/2016
2018,2.5,3/16/2016
2018,2.625,3/16/2016
2018,2.875,3/16/2016
2018,2.875,3/16/2016
2018,2.875,3/16/2016
2018,3,3/16/2016
2018,3.125,3/16/2016
2018,3.125,3/16/2016
2018,3.125,3/16/2016
2018,3.25,3/16/2016
2018,3.25,3/16/2016
2018,3.375,3/16/2016
2018,3.375,3/16/2016
2018,3.875,3/16/2016
Longer Run,3,3/16/2016
Longer Run,3,3/16/2016
Longer Run,3,3/16/2016
Longer Run,3,3/16/2016
Longer Run,3,3/16/2016
Longer Run,3.25,3/16/2016
Longer Run,3.25,3/16/2016
Longer Run,3.25,3/16/2016
Longer Run,3.25,3/16/2016
Longer Run,3.25,3/16/2016
Longer Run,3.25,3/16/2016
Longer Run,3.25,3/16/2016
Longer Run,3.5,3/16/2016
Longer Run,3.5,3/16/2016
Longer Run,3.75,3/16/2016
Longer Run,3.75,3/16/2016
Longer Run,4,3/16/2016
2016,0.625,6/15/2016
2016,0.625,6/15/2016
2016,0.625,6/15/2016
2016,0.625,6/15/2016
2016,0.625,6/15/2016
2016,0.625,6/15/2016
2016,0.875,6/15/2016
2016,0.875,6/15/2016
2016,0.875,6/15/2016
2016,0.875,6/15/2016
2016,0.875,6/15/2016
2016,0.875,6/15/2016
2016,0.875,6/15/2016
2016,0.875,6/15/2016
2016,0.875,6/15/2016
2016,1.125,6/15/2016
2016,1.375,6/15/2016
2017,0.625,6/15/2016
2017,1.375,6/15/2016
2017,1.375,6/15/2016
2017,1.375,6/15/2016
2017,1.375,6/15/2016
2017,1.375,6/15/2016
2017,1.375,6/15/2016
2017,1.625,6/15/2016
2017,1.625,6/15/2016
2017,1.625,6/15/2016
2017,1.625,6/15/2016
2017,1.875,6/15/2016
2017,1.875,6/15/2016
2017,1.875,6/15/2016
2017,2.125,6/15/2016
2017,2.25,6/15/2016
2017,2.375,6/15/2016
2018,0.625,6/15/2016
2018,2.125,6/15/2016
2018,2.125,6/15/2016
2018,2.125,6/15/2016
2018,2.125,6/15/2016
2018,2.375,6/15/2016
2018,2.375,6/15/2016
2018,2.375,6/15/2016
2018,2.375,6/15/2016
2018,2.375,6/15/2016
2018,2.625,6/15/2016
2018,2.875,6/15/2016
2018,2.875,6/15/2016
2018,2.875,6/15/2016
2018,3,6/15/2016
2018,3.25,6/15/2016
2018,3.375,6/15/2016
Longer Run,2.75,6/15/2016
Longer Run,2.75,6/15/2016
Longer Run,2.75,6/15/2016
Longer Run,3,6/15/2016
Longer Run,3,6/15/2016
Longer Run,3,6/15/2016
Longer Run,3,6/15/2016
Longer Run,3,6/15/2016
Longer Run,3,6/15/2016
Longer Run,3.25,6/15/2016
Longer Run,3.25,6/15/2016
Longer Run,3.25,6/15/2016
Longer Run,3.25,6/15/2016
Longer Run,3.5,6/15/2016
Longer Run,3.75,6/15/2016
Longer Run,3.75,6/15/2016
2016,0.375,9/21/2016
2016,0.375,9/21/2016
2016,0.375,9/21/2016
2016,0.625,9/21/2016
2016,0.625,9/21/2016
2016,0.625,9/21/2016
2016,0.625,9/21/2016
2016,0.625,9/21/2016
2016,0.625,9/21/2016
2016,0.625,9/21/2016
2016,0.625,9/21/2016
2016,0.625,9/21/2016
2016,0.625,9/21/2016
2016,0.875,9/21/2016
2016,0.875,9/21/2016
2016,0.875,9/21/2016
2016,1.125,9/21/2016
2017,0.625,9/21/2016
2017,0.625,9/21/2016
2017,0.875,9/21/2016
2017,1.125,9/21/2016
2017,1.125,9/21/2016
2017,1.125,9/21/2016
2017,1.125,9/21/2016
2017,1.125,9/21/2016
2017,1.125,9/21/2016
2017,1.125,9/21/2016
2017,1.375,9/21/2016
2017,1.625,9/21/2016
2017,1.625,9/21/2016
2017,1.75,9/21/2016
2017,1.875,9/21/2016
2017,1.875,9/21/2016
2017,2.125,9/21/2016
2018,0.625,9/21/2016
2018,1.625,9/21/2016
2018,1.625,9/21/2016
2018,1.875,9/21/2016
2018,1.875,9/21/2016
2018,1.875,9/21/2016
2018,1.875,9/21/2016
2018,1.875,9/21/2016
2018,1.875,9/21/2016
2018,1.875,9/21/2016
2018,2.125,9/21/2016
2018,2.625,9/21/2016
2018,2.625,9/21/2016
2018,2.75,9/21/2016
2018,2.75,9/21/2016
2018,2.875,9/21/2016
2018,3.125,9/21/2016
2019,0.625,9/21/2016
2019,2.125,9/21/2016
2019,2.375,9/21/2016
2019,2.375,9/21/2016
2019,2.375,9/21/2016
2019,2.625,9/21/2016
2019,2.625,9/21/2016
2019,2.625,9/21/2016
2019,2.625,9/21/2016
2019,2.625,9/21/2016
2019,2.75,9/21/2016
2019,3,9/21/2016
2019,3,9/21/2016
2019,3,9/21/2016
2019,3.125,9/21/2016
2019,3.375,9/21/2016
2019,3.75,9/21/2016
Longer Run,2.5,9/21/2016
Longer Run,2.5,9/21/2016
Longer Run,2.5,9/21/2016
Longer Run,2.75,9/21/2016
Longer Run,2.75,9/21/2016
Longer Run,2.75,9/21/2016
Longer Run,2.75,9/21/2016
Longer Run,2.75,9/21/2016
Longer Run,3,9/21/2016
Longer Run,3,9/21/2016
Longer Run,3,9/21/2016
Longer Run,3,9/21/2016
Longer Run,3,9/21/2016
Longer Run,3,9/21/2016
Longer Run,3.5,9/21/2016
Longer Run,3.75,9/21/2016
2016,0.625,12/14/2016
2017,0.875,12/14/2016
2017,1.125,12/14/2016
2017,1.375,12/14/2016
2017,1.625,12/14/2016
2017,1.75,12/14/2016
2017,2.125,12/14/2016
2018,0.875,12/14/2016
2018,1.625,12/14/2016
2018,1.875,12/14/2016
2018,2.125,12/14/2016
2018,2.375,12/14/2016
2018,2.625,12/14/2016
2018,3,12/14/2016
2018,3.25,12/14/2016
2018,3.375,12/14/2016
2019,0.875,12/14/2016
2019,2.125,12/14/2016
2019,2.375,12/14/2016
2019,2.625,12/14/2016
2019,2.875,12/14/2016
2019,3,12/14/2016
2019,3.125,12/14/2016
2019,3.25,12/14/2016
2019,3.625,12/14/2016
2019,3.875,12/14/2016
Longer Run,2.5,12/14/2016
Longer Run,2.75,12/14/2016
Longer Run,3,12/14/2016
Longer Run,3.5,12/14/2016
Longer Run,3.75,12/14/2016
2017,0.875,3/15/2017
2017,0.875,3/15/2017
2017,1.125,3/15/2017
2017,1.375,3/15/2017
2017,1.375,3/15/2017
2017,1.375,3/15/2017
2017,1.375,3/15/2017
2017,1.375,3/15/2017
2017,1.375,3/15/2017
2017,1.375,3/15/2017
2017,1.375,3/15/2017
2017,1.375,3/15/2017
2017,1.625,3/15/2017
2017,1.625,3/15/2017
2017,1.625,3/15/2017
2017,1.625,3/15/2017
2017,2.125,3/15/2017
2018,0.875,3/15/2017
2018,1.625,3/15/2017
2018,1.875,3/15/2017
2018,2.125,3/15/2017
2018,2.125,3/15/2017
2018,2.125,3/15/2017
2018,2.125,3/15/2017
2018,2.125,3/15/2017
2018,2.125,3/15/2017
2018,2.375,3/15/2017
2018,2.375,3/15/2017
2018,2.375,3/15/2017
2018,2.625,3/15/2017
2018,2.875,3/15/2017
2018,3,3/15/2017
2018,3.25,3/15/2017
2018,3.375,3/15/2017
2019,0.875,3/15/2017
2019,2.375,3/15/2017
2019,2.375,3/15/2017
2019,2.625,3/15/2017
2019,2.625,3/15/2017
2019,2.875,3/15/2017
2019,2.875,3/15/2017
2019,2.875,3/15/2017
2019,3,3/15/2017
2019,3,3/15/2017
2019,3.125,3/15/2017
2019,3.125,3/15/2017
2019,3.125,3/15/2017
2019,3.25,3/15/2017
2019,3.25,3/15/2017
2019,3.875,3/15/2017
2019,3.875,3/15/2017
Longer Run,2.5,3/15/2017
Longer Run,2.75,3/15/2017
Longer Run,2.75,3/15/2017
Longer Run,2.75,3/15/2017
Longer Run,2.75,3/15/2017
Longer Run,2.75,3/15/2017
Longer Run,3,3/15/2017
Longer Run,3,3/15/2017
Longer Run,3,3/15/2017
Longer Run,3,3/15/2017
Longer Run,3,3/15/2017
Longer Run,3,3/15/2017
Longer Run,3,3/15/2017
Longer Run,3,3/15/2017
Longer Run,3.5,3/15/2017
Longer Run,3.75,3/15/2017
2017,1.125,6/14/2017
2017,1.125,6/14/2017
2017,1.125,6/14/2017
2017,1.125,6/14/2017
2017,1.375,6/14/2017
2017,1.375,6/14/2017
2017,1.375,6/14/2017
2017,1.375,6/14/2017
2017,1.375,6/14/2017
2017,1.375,6/14/2017
2017,1.375,6/14/2017
2017,1.375,6/14/2017
2017,1.625,6/14/2017
2017,1.625,6/14/2017
2017,1.625,6/14/2017
2017,1.625,6/14/2017
2018,1.125,6/14/2017
2018,1.625,6/14/2017
2018,1.875,6/14/2017
2018,1.875,6/14/2017
2018,2.125,6/14/2017
2018,2.125,6/14/2017
2018,2.125,6/14/2017
2018,2.125,6/14/2017
2018,2.125,6/14/2017
2018,2.375,6/14/2017
2018,2.375,6/14/2017
2018,2.625,6/14/2017
2018,2.625,6/14/2017
2018,2.625,6/14/2017
2018,2.75,6/14/2017
2018,3.125,6/14/2017
2019,1.125,6/14/2017
2019,2.375,6/14/2017
2019,2.375,6/14/2017
2019,2.625,6/14/2017
2019,2.625,6/14/2017
2019,2.625,6/14/2017
2019,2.875,6/14/2017
2019,2.875,6/14/2017
2019,3,6/14/2017
2019,3,6/14/2017
2019,3.125,6/14/2017
2019,3.125,6/14/2017
2019,3.125,6/14/2017
2019,3.25,6/14/2017
2019,3.375,6/14/2017
2019,4.125,6/14/2017
Longer Run,2.5,6/14/2017
Longer Run,2.75,6/14/2017
Longer Run,2.75,6/14/2017
Longer Run,2.75,6/14/2017
Longer Run,2.75,6/14/2017
Longer Run,2.75,6/14/2017
Longer Run,3,6/14/2017
Longer Run,3,6/14/2017
Longer Run,3,6/14/2017
Longer Run,3,6/14/2017
Longer Run,3,6/14/2017
Longer Run,3,6/14/2017
Longer Run,3,6/14/2017
Longer Run,3,6/14/2017
Longer Run,3.5,6/14/2017
2017,1.125,9/20/2017
2017,1.125,9/20/2017
2017,1.125,9/20/2017
2017,1.125,9/20/2017
2017,1.375,9/20/2017
2017,1.375,9/20/2017
2017,1.375,9/20/2017
2017,1.375,9/20/2017
2017,1.375,9/20/2017
2017,1.375,9/20/2017
2017,1.375,9/20/2017
2017,1.375,9/20/2017
2017,1.375,9/20/2017
2017,1.375,9/20/2017
2017,1.375,9/20/2017
2017,1.625,9/20/2017
2018,1.125,9/20/2017
2018,1.125,9/20/2017
2018,1.625,9/20/2017
2018,1.875,9/20/2017
2018,1.875,9/20/2017
2018,2.125,9/20/2017
2018,2.125,9/20/2017
2018,2.125,9/20/2017
2018,2.125,9/20/2017
2018,2.125,9/20/2017
2018,2.125,9/20/2017
2018,2.375,9/20/2017
2018,2.375,9/20/2017
2018,2.375,9/20/2017
2018,2.5,9/20/2017
2018,2.625,9/20/2017
2019,1.125,9/20/2017
2019,1.625,9/20/2017
2019,2.125,9/20/2017
2019,2.375,9/20/2017
2019,2.375,9/20/2017
2019,2.5,9/20/2017
2019,2.625,9/20/2017
2019,2.625,9/20/2017
2019,2.75,9/20/2017
2019,2.875,9/20/2017
2019,2.875,9/20/2017
2019,3.125,9/20/2017
2019,3.125,9/20/2017
2019,3.25,9/20/2017
2019,3.375,9/20/2017
2019,3.375,9/20/2017
2020,1.125,9/20/2017
2020,2.375,9/20/2017
2020,2.375,9/20/2017
2020,2.5,9/20/2017
2020,2.625,9/20/2017
2020,2.625,9/20/2017
2020,2.75,9/20/2017
2020,2.875,9/20/2017
2020,2.875,9/20/2017
2020,2.875,9/20/2017
2020,3,9/20/2017
2020,3.125,9/20/2017
2020,3.5,9/20/2017
2020,3.5,9/20/2017
2020,3.625,9/20/2017
2020,3.875,9/20/2017
Longer Run,2.25,9/20/2017
Longer Run,2.5,9/20/2017
Longer Run,2.5,9/20/2017
Longer Run,2.5,9/20/2017
Longer Run,2.5,9/20/2017
Longer Run,2.75,9/20/2017
Longer Run,2.75,9/20/2017
Longer Run,2.75,9/20/2017
Longer Run,2.75,9/20/2017
Longer Run,3,9/20/2017
Longer Run,3,9/20/2017
Longer Run,3,9/20/2017
Longer Run,3,9/20/2017
Longer Run,3,9/20/2017
Longer Run,3.5,9/20/2017
2017,1.125,12/13/2017
2017,1.125,12/13/2017
2017,1.375,12/13/2017
2017,1.375,12/13/2017
2017,1.375,12/13/2017
2017,1.375,12/13/2017
2017,1.375,12/13/2017
2017,1.375,12/13/2017
2017,1.375,12/13/2017
2017,1.375,12/13/2017
2017,1.375,12/13/2017
2017,1.375,12/13/2017
2017,1.375,12/13/2017
2017,1.375,12/13/2017
2017,1.375,12/13/2017
2017,1.375,12/13/2017
2018,1.125,12/13/2017
2018,1.375,12/13/2017
2018,1.625,12/13/2017
2018,1.875,12/13/2017
2018,1.875,12/13/2017
2018,1.875,12/13/2017
2018,2.125,12/13/2017
2018,2.125,12/13/2017
2018,2.125,12/13/2017
2018,2.125,12/13/2017
2018,2.125,12/13/2017
2018,2.125,12/13/2017
2018,2.375,12/13/2017
2018,2.375,12/13/2017
2018,2.375,12/13/2017
2018,2.625,12/13/2017
2019,1.375,12/13/2017
2019,1.625,12/13/2017
2019,2.375,12/13/2017
2019,2.375,12/13/2017
2019,2.625,12/13/2017
2019,2.625,12/13/2017
2019,2.625,12/13/2017
2019,2.625,12/13/2017
2019,2.75,12/13/2017
2019,2.875,12/13/2017
2019,2.875,12/13/2017
2019,2.875,12/13/2017
2019,3.125,12/13/2017
2019,3.375,12/13/2017
2019,3.375,12/13/2017
2019,3.625,12/13/2017
2020,1.375,12/13/2017
2020,2.375,12/13/2017
2020,2.625,12/13/2017
2020,2.625,12/13/2017
2020,2.875,12/13/2017
2020,3,12/13/2017
2020,3,12/13/2017
2020,3,12/13/2017
2020,3.125,12/13/2017
2020,3.125,12/13/2017
2020,3.125,12/13/2017
2020,3.125,12/13/2017
2020,3.125,12/13/2017
2020,3.5,12/13/2017
2020,4.125,12/13/2017
2020,4.125,12/13/2017
Longer Run,2.25,12/13/2017
Longer Run,2.5,12/13/2017
Longer Run,2.5,12/13/2017
Longer Run,2.75,12/13/2017
Longer Run,2.75,12/13/2017
Longer Run,2.75,12/13/2017
Longer Run,2.75,12/13/2017
Longer Run,2.75,12/13/2017
Longer Run,2.75,12/13/2017
Longer Run,3,12/13/2017
Longer Run,3,12/13/2017
Longer Run,3,12/13/2017
Longer Run,3,12/13/2017
Longer Run,3,12/13/2017
Longer Run,3,12/13/2017
2018,1.625,3/21/2018
2018,1.625,3/21/2018
2018,2.125,3/21/2018
2018,2.125,3/21/2018
2018,2.125,3/21/2018
2018,2.125,3/21/2018
2018,2.125,3/21/2018
2018,2.125,3/21/2018
2018,2.375,3/21/2018
2018,2.375,3/21/2018
2018,2.375,3/21/2018
2018,2.375,3/21/2018
2018,2.375,3/21/2018
2018,2.375,3/21/2018
2018,2.625,3/21/2018
2019,1.625,3/21/2018
2019,2.125,3/21/2018
2019,2.625,3/21/2018
2019,2.75,3/21/2018
2019,2.875,3/21/2018
2019,2.875,3/21/2018
2019,2.875,3/21/2018
2019,2.875,3/21/2018
2019,2.875,3/21/2018
2019,3.125,3/21/2018
2019,3.125,3/21/2018
2019,3.375,3/21/2018
2019,3.375,3/21/2018
2019,3.375,3/21/2018
2019,3.875,3/21/2018
2020,1.625,3/21/2018
2020,2.625,3/21/2018
2020,2.625,3/21/2018
2020,3.125,3/21/2018
2020,3.25,3/21/2018
2020,3.375,3/21/2018
2020,3.375,3/21/2018
2020,3.375,3/21/2018
2020,3.375,3/21/2018
2020,3.375,3/21/2018
2020,3.5,3/21/2018
2020,3.625,3/21/2018
2020,3.625,3/21/2018
2020,4.125,3/21/2018
2020,4.875,3/21/2018
Longer Run,2.5,3/21/2018
Longer Run,2.625,3/21/2018
Longer Run,2.75,3/21/2018
Longer Run,2.75,3/21/2018
Longer Run,3,3/21/2018
Longer Run,3,3/21/2018
Longer Run,3,3/21/2018
Longer Run,3,3/21/2018
Longer Run,3,3/21/2018
2018,1.875,6/13/2018
2018,1.875,6/13/2018
2018,2.125,6/13/2018
2018,2.125,6/13/2018
2018,2.125,6/13/2018
2018,2.125,6/13/2018
2018,2.125,6/13/2018
2018,2.375,6/13/2018
2018,2.375,6/13/2018
2018,2.375,6/13/2018
2018,2.375,6/13/2018
2018,2.375,6/13/2018
2018,2.375,6/13/2018
2018,2.375,6/13/2018
2018,2.625,6/13/2018
2019,1.875,6/13/2018
2019,2.125,6/13/2018
2019,2.625,6/13/2018
2019,2.875,6/13/2018
2019,2.875,6/13/2018
2019,2.875,6/13/2018
2019,2.875,6/13/2018
2019,3.125,6/13/2018
2019,3.125,6/13/2018
2019,3.125,6/13/2018
2019,3.125,6/13/2018
2019,3.375,6/13/2018
2019,3.375,6/13/2018
2019,3.375,6/13/2018
2019,3.625,6/13/2018
2020,1.875,6/13/2018
2020,2.625,6/13/2018
2020,2.625,6/13/2018
2020,3.125,6/13/2018
2020,3.25,6/13/2018
2020,3.375,6/13/2018
2020,3.375,6/13/2018
2020,3.375,6/13/2018
2020,3.375,6/13/2018
2020,3.5,6/13/2018
2020,3.625,6/13/2018
2020,3.625,6/13/2018
2020,3.625,6/13/2018
2020,4.125,6/13/2018
2020,4.125,6/13/2018
Longer Run,2.25,6/13/2018
Longer Run,2.5,6/13/2018
Longer Run,2.625,6/13/2018
Longer Run,2.75,6/13/2018
Longer Run,2.75,6/13/2018
Longer Run,2.75,6/13/2018
Longer Run,2.75,6/13/2018
Longer Run,3,6/13/2018
Longer Run,3,6/13/2018
Longer Run,3,6/13/2018
Longer Run,3,6/13/2018
Longer Run,3,6/13/2018
Longer Run,3.25,6/13/2018
Longer Run,3.5,6/13/2018
2018,2.125,9/26/2018
2018,2.125,9/26/2018
2018,2.125,9/26/2018
2018,2.125,9/26/2018
2018,2.375,9/26/2018
2018,2.375,9/26/2018
2018,2.375,9/26/2018
2018,2.375,9/26/2018
2018,2.375,9/26/2018
2018,2.375,9/26/2018
2018,2.375,9/26/2018
2018,2.375,9/26/2018
2018,2.375,9/26/2018
2018,2.375,9/26/2018
2018,2.375,9/26/2018
2018,2.375,9/26/2018
2019,2.125,9/26/2018
2019,2.375,9/26/2018
2019,2.625,9/26/2018
2019,2.875,9/26/2018
2019,2.875,9/26/2018
2019,2.875,9/26/2018
2019,2.875,9/26/2018
2019,3.125,9/26/2018
2019,3.125,9/26/2018
2019,3.125,9/26/2018
2019,3.125,9/26/2018
2019,3.375,9/26/2018
2019,3.375,9/26/2018
2019,3.375,9/26/2018
2019,3.375,9/26/2018
2019,3.625,9/26/2018
2020,2.125,9/26/2018
2020,2.625,9/26/2018
2020,2.875,9/26/2018
2020,3.125,9/26/2018
2020,3.125,9/26/2018
2020,3.125,9/26/2018
2020,3.125,9/26/2018
2020,3.375,9/26/2018
2020,3.375,9/26/2018
2020,3.625,9/26/2018
2020,3.625,9/26/2018
2020,3.625,9/26/2018
2020,3.625,9/26/2018
2020,3.625,9/26/2018
2020,3.625,9/26/2018
2020,3.875,9/26/2018
2021,2.125,9/26/2018
2021,2.625,9/26/2018
2021,2.875,9/26/2018
2021,2.875,9/26/2018
2021,2.875,9/26/2018
2021,3,9/26/2018
2021,3.125,9/26/2018
2021,3.375,9/26/2018
2021,3.375,9/26/2018
2021,3.375,9/26/2018
2021,3.375,9/26/2018
2021,3.5,9/26/2018
2021,3.625,9/26/2018
2021,3.625,9/26/2018
2021,3.875,9/26/2018
2021,4.125,9/26/2018
Longer Run,2.5,9/26/2018
Longer Run,2.5,9/26/2018
Longer Run,2.5,9/26/2018
Longer Run,2.75,9/26/2018
Longer Run,2.75,9/26/2018
Longer Run,2.75,9/26/2018
Longer Run,2.75,9/26/2018
Longer Run,3,9/26/2018
Longer Run,3,9/26/2018
Longer Run,3,9/26/2018
Longer Run,3,9/26/2018
Longer Run,3,9/26/2018
Longer Run,3,9/26/2018
Longer Run,3.25,9/26/2018
Longer Run,3.5,9/26/2018
2018,2.125,12/19/2018
2018,2.125,12/19/2018
2018,2.375,12/19/2018
2018,2.375,12/19/2018
2018,2.375,12/19/2018
2018,2.375,12/19/2018
2018,2.375,12/19/2018
2018,2.375,12/19/2018
2018,2.375,12/19/2018
2018,2.375,12/19/2018
2018,2.375,12/19/2018
2018,2.375,12/19/2018
2018,2.375,12/19/2018
2018,2.375,12/19/2018
2018,2.375,12/19/2018
2019,2.375,12/19/2018
2019,2.375,12/19/2018
2019,2.625,12/19/2018
2019,2.625,12/19/2018
2019,2.625,12/19/2018
2019,2.625,12/19/2018
2019,2.875,12/19/2018
2019,2.875,12/19/2018
2019,2.875,12/19/2018
2019,2.875,12/19/2018
2019,3.125,12/19/2018
2019,3.125,12/19/2018
2019,3.125,12/19/2018
2019,3.125,12/19/2018
2019,3.125,12/19/2018
2020,2.375,12/19/2018
2020,2.625,12/19/2018
2020,2.875,12/19/2018
2020,2.875,12/19/2018
2020,2.875,12/19/2018
2020,2.875,12/19/2018
2020,2.875,12/19/2018
2020,3.125,12/19/2018
2020,3.125,12/19/2018
2020,3.125,12/19/2018
2020,3.125,12/19/2018
2020,3.375,12/19/2018
2020,3.375,12/19/2018
2020,3.625,12/19/2018
2020,3.625,12/19/2018
2021,2.375,12/19/2018
2021,2.625,12/19/2018
2021,2.625,12/19/2018
2021,2.625,12/19/2018
2021,2.875,12/19/2018
2021,2.875,12/19/2018
2021,2.875,12/19/2018
2021,3.125,12/19/2018
2021,3.125,12/19/2018
2021,3.125,12/19/2018
2021,3.125,12/19/2018
2021,3.125,12/19/2018
2021,3.375,12/19/2018
2021,3.625,12/19/2018
2021,3.625,12/19/2018
Longer Run,2.5,12/19/2018
Longer Run,2.5,12/19/2018
Longer Run,2.5,12/19/2018
Longer Run,2.75,12/19/2018
Longer Run,2.75,12/19/2018
Longer Run,2.75,12/19/2018
Longer Run,2.75,12/19/2018
Longer Run,2.75,12/19/2018
Longer Run,3.25,12/19/2018
Longer Run,3.5,12/19/2018
2019,2.375,3/20/2019
2019,2.375,3/20/2019
2019,2.375,3/20/2019
2019,2.375,3/20/2019
2019,2.375,3/20/2019
2019,2.375,3/20/2019
2019,2.375,3/20/2019
2019,2.375,3/20/2019
2019,2.375,3/20/2019
2019,2.375,3/20/2019
2019,2.375,3/20/2019
2019,2.625,3/20/2019
2019,2.625,3/20/2019
2019,2.625,3/20/2019
2019,2.625,3/20/2019
2019,2.875,3/20/2019
2019,2.875,3/20/2019
2020,2.375,3/20/2019
2020,2.375,3/20/2019
2020,2.375,3/20/2019
2020,2.375,3/20/2019
2020,2.375,3/20/2019
2020,2.375,3/20/2019
2020,2.375,3/20/2019
2020,2.625,3/20/2019
2020,2.625,3/20/2019
2020,2.625,3/20/2019
2020,2.625,3/20/2019
2020,2.875,3/20/2019
2020,2.875,3/20/2019
2020,2.875,3/20/2019
2020,3.125,3/20/2019
2020,3.125,3/20/2019
2020,3.375,3/20/2019
2021,2.375,3/20/2019
2021,2.375,3/20/2019
2021,2.375,3/20/2019
2021,2.375,3/20/2019
2021,2.375,3/20/2019
2021,2.625,3/20/2019
2021,2.625,3/20/2019
2021,2.625,3/20/2019
2021,2.625,3/20/2019
2021,2.625,3/20/2019
2021,2.875,3/20/2019
2021,2.875,3/20/2019
2021,2.875,3/20/2019
2021,2.875,3/20/2019
2021,3.125,3/20/2019
2021,3.375,3/20/2019
2021,3.625,3/20/2019
Longer Run,2.5,3/20/2019
Longer Run,2.5,3/20/2019
Longer Run,2.5,3/20/2019
Longer Run,2.5,3/20/2019
Longer Run,2.5,3/20/2019
Longer Run,2.5,3/20/2019
Longer Run,2.75,3/20/2019
Longer Run,2.75,3/20/2019
Longer Run,2.75,3/20/2019
Longer Run,2.75,3/20/2019
Longer Run,3,3/20/2019
Longer Run,3,3/20/2019
Longer Run,3,3/20/2019
Longer Run,3,3/20/2019
Longer Run,3.25,3/20/2019
Longer Run,3.5,3/20/2019
2019,1.875,6/19/2019
2019,1.875,6/19/2019
2019,1.875,6/19/2019
2019,1.875,6/19/2019
2019,1.875,6/19/2019
2019,1.875,6/19/2019
2019,1.875,6/19/2019
2019,2.125,6/19/2019
2019,2.375,6/19/2019
2019,2.375,6/19/2019
2019,2.375,6/19/2019
2019,2.375,6/19/2019
2019,2.375,6/19/2019
2019,2.375,6/19/2019
2019,2.375,6/19/2019
2019,2.375,6/19/2019
2019,2.625,6/19/2019
2020,1.875,6/19/2019
2020,1.875,6/19/2019
2020,1.875,6/19/2019
2020,1.875,6/19/2019
2020,1.875,6/19/2019
2020,1.875,6/19/2019
2020,1.875,6/19/2019
2020,2.125,6/19/2019
2020,2.125,6/19/2019
2020,2.375,6/19/2019
2020,2.375,6/19/2019
2020,2.375,6/19/2019
2020,2.375,6/19/2019
2020,2.375,6/19/2019
2020,2.625,6/19/2019
2020,2.625,6/19/2019
2020,3.125,6/19/2019
2021,1.875,6/19/2019
2021,1.875,6/19/2019
2021,1.875,6/19/2019
2021,1.875,6/19/2019
2021,1.875,6/19/2019
2021,2.125,6/19/2019
2021,2.125,6/19/2019
2021,2.375,6/19/2019
2021,2.375,6/19/2019
2021,2.375,6/19/2019
2021,2.375,6/19/2019
2021,2.375,6/19/2019
2021,2.625,6/19/2019
2021,2.625,6/19/2019
2021,2.625,6/19/2019
2021,2.875,6/19/2019
2021,3.125,6/19/2019
Longer Run,2.375,6/19/2019
Longer Run,2.5,6/19/2019
Longer Run,2.5,6/19/2019
Longer Run,2.5,6/19/2019
Longer Run,2.5,6/19/2019
Longer Run,2.5,6/19/2019
Longer Run,2.5,6/19/2019
Longer Run,2.5,6/19/2019
Longer Run,2.75,6/19/2019
Longer Run,2.75,6/19/2019
Longer Run,3,6/19/2019
Longer Run,3,6/19/2019
Longer Run,3.25,6/19/2019
Longer Run,3.25,6/19/2019
2019,1.625,9/18/2019
2019,1.625,9/18/2019
2019,1.625,9/18/2019
2019,1.625,9/18/2019
2019,1.625,9/18/2019
2019,1.625,9/18/2019
2019,1.625,9/18/2019
2019,1.875,9/18/2019
2019,1.875,9/18/2019
2019,1.875,9/18/2019
2019,1.875,9/18/2019
2019,1.875,9/18/2019
2019,2.125,9/18/2019
2019,2.125,9/18/2019
2019,2.125,9/18/2019
2019,2.125,9/18/2019
2019,2.125,9/18/2019
2020,1.625,9/18/2019
2020,1.625,9/18/2019
2020,1.625,9/18/2019
2020,1.625,9/18/2019
2020,1.625,9/18/2019
2020,1.625,9/18/2019
2020,1.625,9/18/2019
2020,1.625,9/18/2019
2020,1.875,9/18/2019
2020,1.875,9/18/2019
2020,2.125,9/18/2019
2020,2.125,9/18/2019
2020,2.125,9/18/2019
2020,2.125,9/18/2019
2020,2.125,9/18/2019
2020,2.125,9/18/2019
2020,2.375,9/18/2019
2021,1.625,9/18/2019
2021,1.625,9/18/2019
2021,1.625,9/18/2019
2021,1.625,9/18/2019
2021,1.875,9/18/2019
2021,1.875,9/18/2019
2021,1.875,9/18/2019
2021,2.125,9/18/2019
2021,2.125,9/18/2019
2021,2.125,9/18/2019
2021,2.125,9/18/2019
2021,2.375,9/18/2019
2021,2.375,9/18/2019
2021,2.375,9/18/2019
2021,2.375,9/18/2019
2021,2.375,9/18/2019
2021,2.625,9/18/2019
2022,1.625,9/18/2019
2022,1.875,9/18/2019
2022,1.875,9/18/2019
2022,1.875,9/18/2019
2022,2.125,9/18/2019
2022,2.125,9/18/2019
2022,2.125,9/18/2019
2022,2.125,9/18/2019
2022,2.375,9/18/2019
2022,2.375,9/18/2019
2022,2.375,9/18/2019
2022,2.375,9/18/2019
2022,2.375,9/18/2019
2022,2.625,9/18/2019
2022,2.625,9/18/2019
2022,2.875,9/18/2019
2022,2.875,9/18/2019
Longer Run,2,9/18/2019
Longer Run,2.25,9/18/2019
Longer Run,2.375,9/18/2019
Longer Run,2.5,9/18/2019
Longer Run,2.5,9/18/2019
Longer Run,2.5,9/18/2019
Longer Run,2.5,9/18/2019
Longer Run,2.5,9/18/2019
Longer Run,2.5,9/18/2019
Longer Run,2.5,9/18/2019
Longer Run,2.5,9/18/2019
Longer Run,2.75,9/18/2019
Longer Run,2.75,9/18/2019
Longer Run,2.75,9/18/2019
Longer Run,3,9/18/2019
Longer Run,3.25,9/18/2019
2019,1.625,12/11/2019
2019,1.625,12/11/2019
2019,1.625,12/11/2019
2019,1.625,12/11/2019
2019,1.625,12/11/2019
2019,1.625,12/11/2019
2019,1.625,12/11/2019
2019,1.625,12/11/2019
2019,1.625,12/11/2019
2019,1.625,12/11/2019
2019,1.625,12/11/2019
2019,1.625,12/11/2019
2019,1.625,12/11/2019
2019,1.625,12/11/2019
2019,1.625,12/11/2019
2019,1.625,12/11/2019
2019,1.625,12/11/2019
2020,1.625,12/11/2019
2020,1.625,12/11/2019
2020,1.625,12/11/2019
2020,1.625,12/11/2019
2020,1.625,12/11/2019
2020,1.625,12/11/2019
2020,1.625,12/11/2019
2020,1.625,12/11/2019
2020,1.625,12/11/2019
2020,1.625,12/11/2019
2020,1.625,12/11/2019
2020,1.625,12/11/2019
2020,1.625,12/11/2019
2020,1.875,12/11/2019
2020,1.875,12/11/2019
2020,1.875,12/11/2019
2020,1.875,12/11/2019
2021,1.625,12/11/2019
2021,1.625,12/11/2019
2021,1.625,12/11/2019
2021,1.625,12/11/2019
2021,1.625,12/11/2019
2021,1.875,12/11/2019
2021,1.875,12/11/2019
2021,1.875,12/11/2019
2021,1.875,12/11/2019
2021,2.125,12/11/2019
2021,2.125,12/11/2019
2021,2.125,12/11/2019
2021,2.125,12/11/2019
2021,2.125,12/11/2019
2021,2.375,12/11/2019
2021,2.375,12/11/2019
2021,2.375,12/11/2019
2022,1.625,12/11/2019
2022,1.875,12/11/2019
2022,1.875,12/11/2019
2022,1.875,12/11/2019
2022,1.875,12/11/2019
2022,1.875,12/11/2019
2022,2.125,12/11/2019
2022,2.125,12/11/2019
2022,2.125,12/11/2019
2022,2.375,12/11/2019
2022,2.375,12/11/2019
2022,2.375,12/11/2019
2022,2.375,12/11/2019
2022,2.625,12/11/2019
2022,2.625,12/11/2019
2022,2.875,12/11/2019
2022,2.875,12/11/2019
Longer Run,2,12/11/2019
Longer Run,2.25,12/11/2019
Longer Run,2.25,12/11/2019
Longer Run,2.375,12/11/2019
Longer Run,2.5,12/11/2019
Longer Run,2.5,12/11/2019
Longer Run,2.5,12/11/2019
Longer Run,2.5,12/11/2019
Longer Run,2.5,12/11/2019
Longer Run,2.5,12/11/2019
Longer Run,2.5,12/11/2019
Longer Run,2.5,12/11/2019
Longer Run,2.75,12/11/2019
Longer Run,2.75,12/11/2019
Longer Run,3,12/11/2019
Longer Run,3.25,12/11/2019
2020,0.125,6/10/2020
2020,0.125,6/10/2020
2020,0.125,6/10/2020
2020,0.125,6/10/2020
2020,0.125,6/10/2020
2020,0.125,6/10/2020
2020,0.125,6/10/2020
2020,0.125,6/10/2020
2020,0.125,6/10/2020
2020,0.125,6/10/2020
2020,0.125,6/10/2020
2020,0.125,6/10/2020
2020,0.125,6/10/2020
2020,0.125,6/10/2020
2020,0.125,6/10/2020
2020,0.125,6/10/2020
2020,0.125,6/10/2020
2021,0.125,6/10/2020
2021,0.125,6/10/2020
2021,0.125,6/10/2020
2021,0.125,6/10/2020
2021,0.125,6/10/2020
2021,0.125,6/10/2020
2021,0.125,6/10/2020
2021,0.125,6/10/2020
2021,0.125,6/10/2020
2021,0.125,6/10/2020
2021,0.125,6/10/2020
2021,0.125,6/10/2020
2021,0.125,6/10/2020
2021,0.125,6/10/2020
2021,0.125,6/10/2020
2021,0.125,6/10/2020
2021,0.125,6/10/2020
2022,0.125,6/10/2020
2022,0.125,6/10/2020
2022,0.125,6/10/2020
2022,0.125,6/10/2020
2022,0.125,6/10/2020
2022,0.125,6/10/2020
2022,0.125,6/10/2020
2022,0.125,6/10/2020
2022,0.125,6/10/2020
2022,0.125,6/10/2020
2022,0.125,6/10/2020
2022,0.125,6/10/2020
2022,0.125,6/10/2020
2022,0.125,6/10/2020
2022,0.125,6/10/2020
2022,0.375,6/10/2020
2022,1.125,6/10/2020
Longer Run,2,6/10/2020
Longer Run,2.25,6/10/2020
Longer Run,2.25,6/10/2020
Longer Run,2.25,6/10/2020
Longer Run,2.375,6/10/2020
Longer Run,2.5,6/10/2020
Longer Run,2.5,6/10/2020
Longer Run,2.5,6/10/2020
Longer Run,2.5,6/10/2020
Longer Run,2.5,6/10/2020
Longer Run,2.5,6/10/2020
Longer Run,2.5,6/10/2020
Longer Run,2.5,6/10/2020
Longer Run,2.75,6/10/2020
Longer Run,3,6/10/2020
Longer Run,3,6/10/2020
2020,0.125,9/16/2020
2020,0.125,9/16/2020
2020,0.125,9/16/2020
2020,0.125,9/16/2020
2020,0.125,9/16/2020
2020,0.125,9/16/2020
2020,0.125,9/16/2020
2020,0.125,9/16/2020
2020,0.125,9/16/2020
2020,0.125,9/16/2020
2020,0.125,9/16/2020
2020,0.125,9/16/2020
2020,0.125,9/16/2020
2020,0.125,9/16/2020
2020,0.125,9/16/2020
2020,0.125,9/16/2020
2020,0.125,9/16/2020
2021,0.125,9/16/2020
2021,0.125,9/16/2020
2021,0.125,9/16/2020
2021,0.125,9/16/2020
2021,0.125,9/16/2020
2021,0.125,9/16/2020
2021,0.125,9/16/2020
2021,0.125,9/16/2020
2021,0.125,9/16/2020
2021,0.125,9/16/2020
2021,0.125,9/16/2020
2021,0.125,9/16/2020
2021,0.125,9/16/2020
2021,0.125,9/16/2020
2021,0.125,9/16/2020
2021,0.125,9/16/2020
2021,0.125,9/16/2020
2022,0.125,9/16/2020
2022,0.125,9/16/2020
2022,0.125,9/16/2020
2022,0.125,9/16/2020
2022,0.125,9/16/2020
2022,0.125,9/16/2020
2022,0.125,9/16/2020
2022,0.125,9/16/2020
2022,0.125,9/16/2020
2022,0.125,9/16/2020
2022,0.125,9/16/2020
2022,0.125,9/16/2020
2022,0.125,9/16/2020
2022,0.125,9/16/2020
2022,0.125,9/16/2020
2022,0.125,9/16/2020
2022,0.625,9/16/2020
2023,0.125,9/16/2020
2023,0.125,9/16/2020
2023,0.125,9/16/2020
2023,0.125,9/16/2020
2023,0.125,9/16/2020
2023,0.125,9/16/2020
2023,0.125,9/16/2020
2023,0.125,9/16/2020
2023,0.125,9/16/2020
2023,0.125,9/16/2020
2023,0.125,9/16/2020
2023,0.125,9/16/2020
2023,0.125,9/16/2020
2023,0.375,9/16/2020
2023,0.375,9/16/2020
2023,0.625,9/16/2020
2023,1.375,9/16/2020
Longer Run,2,9/16/2020
Longer Run,2.25,9/16/2020
Longer Run,2.25,9/16/2020
Longer Run,2.25,9/16/2020
Longer Run,2.375,9/16/2020
Longer Run,2.5,9/16/2020
Longer Run,2.5,9/16/2020
Longer Run,2.5,9/16/2020
Longer Run,2.5,9/16/2020
Longer Run,2.5,9/16/2020
Longer Run,2.5,9/16/2020
Longer Run,2.5,9/16/2020
Longer Run,2.5,9/16/2020
Longer Run,2.75,9/16/2020
Longer Run,3,9/16/2020
Longer Run,3,9/16/2020
2020,0.125,12/16/2020
2020,0.125,12/16/2020
2020,0.125,12/16/2020
2020,0.125,12/16/2020
2020,0.125,12/16/2020
2020,0.125,12/16/2020
2020,0.125,12/16/2020
2020,0.125,12/16/2020
2020,0.125,12/16/2020
2020,0.125,12/16/2020
2020,0.125,12/16/2020
2020,0.125,12/16/2020
2020,0.125,12/16/2020
2020,0.125,12/16/2020
2020,0.125,12/16/2020
2020,0.125,12/16/2020
2020,0.125,12/16/2020
2021,0.125,12/16/2020
2021,0.125,12/16/2020
2021,0.125,12/16/2020
2021,0.125,12/16/2020
2021,0.125,12/16/2020
2021,0.125,12/16/2020
2021,0.125,12/16/2020
2021,0.125,12/16/2020
2021,0.125,12/16/2020
2021,0.125,12/16/2020
2021,0.125,12/16/2020
2021,0.125,12/16/2020
2021,0.125,12/16/2020
2021,0.125,12/16/2020
2021,0.125,12/16/2020
2021,0.125,12/16/2020
2021,0.125,12/16/2020
2022,0.125,12/16/2020
2022,0.125,12/16/2020
2022,0.125,12/16/2020
2022,0.125,12/16/2020
2022,0.125,12/16/2020
2022,0.125,12/16/2020
2022,0.125,12/16/2020
2022,0.125,12/16/2020
2022,0.125,12/16/2020
2022,0.125,12/16/2020
2022,0.125,12/16/2020
2022,0.125,12/16/2020
2022,0.125,12/16/2020
2022,0.125,12/16/2020
2022,0.125,12/16/2020
2022,0.125,12/16/2020
2022,0.375,12/16/2020
2023,0.125,12/16/2020
2023,0.125,12/16/2020
2023,0.125,12/16/2020
2023,0.125,12/16/2020
2023,0.125,12/16/2020
2023,0.125,12/16/2020
2023,0.125,12/16/2020
2023,0.125,12/16/2020
2023,0.125,12/16/2020
2023,0.125,12/16/2020
2023,0.125,12/16/2020
2023,0.125,12/16/2020
2023,0.375,12/16/2020
2023,0.375,12/16/2020
2023,0.375,12/16/2020
2023,0.625,12/16/2020
2023,1.125,12/16/2020
Longer Run,2,12/16/2020
Longer Run,2.25,12/16/2020
Longer Run,2.25,12/16/2020
Longer Run,2.25,12/16/2020
Longer Run,2.375,12/16/2020
Longer Run,2.5,12/16/2020
Longer Run,2.5,12/16/2020
Longer Run,2.5,12/16/2020
Longer Run,2.5,12/16/2020
Longer Run,2.5,12/16/2020
Longer Run,2.5,12/16/2020
Longer Run,2.5,12/16/2020
Longer Run,2.5,12/16/2020
Longer Run,2.75,12/16/2020
Longer Run,3,12/16/2020
Longer Run,3,12/16/2020
2021,0.125,3/17/2021
2021,0.125,3/17/2021
2021,0.125,3/17/2021
2021,0.125,3/17/2021
2021,0.125,3/17/2021
2021,0.125,3/17/2021
2021,0.125,3/17/2021
2021,0.125,3/17/2021
2021,0.125,3/17/2021
2021,0.125,3/17/2021
2021,0.125,3/17/2021
2021,0.125,3/17/2021
2021,0.125,3/17/2021
2021,0.125,3/17/2021
2021,0.125,3/17/2021
2021,0.125,3/17/2021
2021,0.125,3/17/2021
2021,0.125,3/17/2021
2022,0.125,3/17/2021
2022,0.125,3/17/2021
2022,0.125,3/17/2021
2022,0.125,3/17/2021
2022,0.125,3/17/2021
2022,0.125,3/17/2021
2022,0.125,3/17/2021
2022,0.125,3/17/2021
2022,0.125,3/17/2021
2022,0.125,3/17/2021
2022,0.125,3/17/2021
2022,0.125,3/17/2021
2022,0.125,3/17/2021
2022,0.125,3/17/2021
2022,0.375,3/17/2021
2022,0.375,3/17/2021
2022,0.375,3/17/2021
2022,0.625,3/17/2021
2023,0.125,3/17/2021
2023,0.125,3/17/2021
2023,0.125,3/17/2021
2023,0.125,3/17/2021
2023,0.125,3/17/2021
2023,0.125,3/17/2021
2023,0.125,3/17/2021
2023,0.125,3/17/2021
2023,0.125,3/17/2021
2023,0.125,3/17/2021
2023,0.125,3/17/2021
2023,0.375,3/17/2021
2023,0.625,3/17/2021
2023,0.875,3/17/2021
2023,0.875,3/17/2021
2023,0.875,3/17/2021
2023,1.125,3/17/2021
2023,1.125,3/17/2021
Longer Run,2,3/17/2021
Longer Run,2.25,3/17/2021
Longer Run,2.25,3/17/2021
Longer Run,2.25,3/17/2021
Longer Run,2.25,3/17/2021
Longer Run,2.375,3/17/2021
Longer Run,2.5,3/17/2021
Longer Run,2.5,3/17/2021
Longer Run,2.5,3/17/2021
Longer Run,2.5,3/17/2021
Longer Run,2.5,3/17/2021
Longer Run,2.5,3/17/2021
Longer Run,2.5,3/17/2021
Longer Run,2.5,3/17/2021
Longer Run,2.75,3/17/2021
Longer Run,3,3/17/2021
Longer Run,3,3/17/2021
2021,0.125,6/16/2021
2021,0.125,6/16/2021
2021,0.125,6/16/2021
2021,0.125,6/16/2021
2021,0.125,6/16/2021
2021,0.125,6/16/2021
2021,0.125,6/16/2021
2021,0.125,6/16/2021
2021,0.125,6/16/2021
2021,0.125,6/16/2021
2021,0.125,6/16/2021
2021,0.125,6/16/2021
2021,0.125,6/16/2021
2021,0.125,6/16/2021
2021,0.125,6/16/2021
2021,0.125,6/16/2021
2021,0.125,6/16/2021
2021,0.125,6/16/2021
2022,0.125,6/16/2021
2022,0.125,6/16/2021
2022,0.125,6/16/2021
2022,0.125,6/16/2021
2022,0.125,6/16/2021
2022,0.125,6/16/2021
2022,0.125,6/16/2021
2022,0.125,6/16/2021
2022,0.125,6/16/2021
2022,0.125,6/16/2021
2022,0.125,6/16/2021
2022,0.375,6/16/2021
2022,0.375,6/16/2021
2022,0.375,6/16/2021
2022,0.375,6/16/2021
2022,0.375,6/16/2021
2022,0.625,6/16/2021
2022,0.625,6/16/2021
2023,0.125,6/16/2021
2023,0.125,6/16/2021
2023,0.125,6/16/2021
2023,0.125,6/16/2021
2023,0.125,6/16/2021
2023,0.375,6/16/2021
2023,0.375,6/16/2021
2023,0.625,6/16/2021
2023,0.625,6/16/2021
2023,0.625,6/16/2021
2023,0.875,6/16/2021
2023,0.875,6/16/2021
2023,0.875,6/16/2021
2023,1.125,6/16/2021
2023,1.125,6/16/2021
2023,1.125,6/16/2021
2023,1.625,6/16/2021
2023,1.625,6/16/2021
Longer Run,2,6/16/2021
Longer Run,2.25,6/16/2021
Longer Run,2.25,6/16/2021
Longer Run,2.25,6/16/2021
Longer Run,2.25,6/16/2021
Longer Run,2.375,6/16/2021
Longer Run,2.5,6/16/2021
Longer Run,2.5,6/16/2021
Longer Run,2.5,6/16/2021
Longer Run,2.5,6/16/2021
Longer Run,2.5,6/16/2021
Longer Run,2.5,6/16/2021
Longer Run,2.5,6/16/2021
Longer Run,2.5,6/16/2021
Longer Run,2.75,6/16/2021
Longer Run,3,6/16/2021
Longer Run,3,6/16/2021
2021,0.125,9/22/2021
2021,0.125,9/22/2021
2021,0.125,9/22/2021
2021,0.125,9/22/2021
2021,0.125,9/22/2021
2021,0.125,9/22/2021
2021,0.125,9/22/2021
2021,0.125,9/22/2021
2021,0.125,9/22/2021
2021,0.125,9/22/2021
2021,0.125,9/22/2021
2021,0.125,9/22/2021
2021,0.125,9/22/2021
2021,0.125,9/22/2021
2021,0.125,9/22/2021
2021,0.125,9/22/2021
2021,0.125,9/22/2021
2021,0.125,9/22/2021
2022,0.125,9/22/2021
2022,0.125,9/22/2021
2022,0.125,9/22/2021
2022,0.125,9/22/2021
2022,0.125,9/22/2021
2022,0.125,9/22/2021
2022,0.125,9/22/2021
2022,0.125,9/22/2021
2022,0.125,9/22/2021
2022,0.375,9/22/2021
2022,0.375,9/22/2021
2022,0.375,9/22/2021
2022,0.375,9/22/2021
2022,0.375,9/22/2021
2022,0.375,9/22/2021
2022,0.625,9/22/2021
2022,0.625,9/22/2021
2022,0.625,9/22/2021
2023,0.125,9/22/2021
2023,0.375,9/22/2021
2023,0.375,9/22/2021
2023,0.375,9/22/2021
2023,0.375,9/22/2021
2023,0.625,9/22/2021
2023,0.625,9/22/2021
2023,0.625,9/22/2021
2023,0.875,9/22/2021
2023,1.125,9/22/2021
2023,1.125,9/22/2021
2023,1.125,9/22/2021
2023,1.125,9/22/2021
2023,1.125,9/22/2021
2023,1.125,9/22/2021
2023,1.625,9/22/2021
2023,1.625,9/22/2021
2023,1.625,9/22/2021
2024,0.625,9/22/2021
2024,0.875,9/22/2021
2024,0.875,9/22/2021
2024,0.875,9/22/2021
2024,1.125,9/22/2021
2024,1.125,9/22/2021
2024,1.125,9/22/2021
2024,1.625,9/22/2021
2024,1.625,9/22/2021
2024,1.875,9/22/2021
2024,2.125,9/22/2021
2024,2.125,9/22/2021
2024,2.125,9/22/2021
2024,2.125,9/22/2021
2024,2.125,9/22/2021
2024,2.125,9/22/2021
2024,2.375,9/22/2021
2024,2.625,9/22/2021
Longer Run,2,9/22/2021
Longer Run,2.25,9/22/2021
Longer Run,2.25,9/22/2021
Longer Run,2.25,9/22/2021
Longer Run,2.25,9/22/2021
Longer Run,2.375,9/22/2021
Longer Run,2.5,9/22/2021
Longer Run,2.5,9/22/2021
Longer Run,2.5,9/22/2021
Longer Run,2.5,9/22/2021
Longer Run,2.5,9/22/2021
Longer Run,2.5,9/22/2021
Longer Run,2.5,9/22/2021
Longer Run,2.5,9/22/2021
Longer Run,2.5,9/22/2021
Longer Run,3,9/22/2021
Longer Run,3,9/22/2021
2021,0.125,12/15/2021
2021,0.125,12/15/2021
2021,0.125,12/15/2021
2021,0.125,12/15/2021
2021,0.125,12/15/2021
2021,0.125,12/15/2021
2021,0.125,12/15/2021
2021,0.125,12/15/2021
2021,0.125,12/15/2021
2021,0.125,12/15/2021
2021,0.125,12/15/2021
2021,0.125,12/15/2021
2021,0.125,12/15/2021
2021,0.125,12/15/2021
2021,0.125,12/15/2021
2021,0.125,12/15/2021
2021,0.125,12/15/2021
2021,0.125,12/15/2021
2022,0.375,12/15/2021
2022,0.625,12/15/2021
2022,0.625,12/15/2021
2022,0.625,12/15/2021
2022,0.625,12/15/2021
2022,0.625,12/15/2021
2022,0.875,12/15/2021
2022,0.875,12/15/2021
2022,0.875,12/15/2021
2022,0.875,12/15/2021
2022,0.875,12/15/2021
2022,0.875,12/15/2021
2022,0.875,12/15/2021
2022,0.875,12/15/2021
2022,0.875,12/15/2021
2022,0.875,12/15/2021
2022,1.125,12/15/2021
2022,1.125,12/15/2021
2023,1.125,12/15/2021
2023,1.125,12/15/2021
2023,1.375,12/15/2021
2023,1.375,12/15/2021
2023,1.375,12/15/2021
2023,1.375,12/15/2021
2023,1.375,12/15/2021
2023,1.625,12/15/2021
2023,1.625,12/15/2021
2023,1.625,12/15/2021
2023,1.875,12/15/2021
2023,1.875,12/15/2021
2023,1.875,12/15/2021
2023,1.875,12/15/2021
2023,1.875,12/15/2021
2023,2.125,12/15/2021
2023,2.125,12/15/2021
2023,2.125,12/15/2021
2024,1.875,12/15/2021
2024,1.875,12/15/2021
2024,1.875,12/15/2021
2024,1.875,12/15/2021
2024,1.875,12/15/2021
2024,2.125,12/15/2021
2024,2.125,12/15/2021
2024,2.125,12/15/2021
2024,2.125,12/15/2021
2024,2.125,12/15/2021
2024,2.25,12/15/2021
2024,2.375,12/15/2021
2024,2.375,12/15/2021
2024,2.875,12/15/2021
2024,2.875,12/15/2021
2024,2.875,12/15/2021
2024,2.875,12/15/2021
2024,3.125,12/15/2021
Longer Run,2,12/15/2021
Longer Run,2.25,12/15/2021
Longer Run,2.25,12/15/2021
Longer Run,2.25,12/15/2021
Longer Run,2.25,12/15/2021
Longer Run,2.375,12/15/2021
Longer Run,2.5,12/15/2021
Longer Run,2.5,12/15/2021
Longer Run,2.5,12/15/2021
Longer Run,2.5,12/15/2021
Longer Run,2.5,12/15/2021
Longer Run,2.5,12/15/2021
Longer Run,2.5,12/15/2021
Longer Run,2.5,12/15/2021
Longer Run,2.5,12/15/2021
Longer Run,3,12/15/2021
Longer Run,3,12/15/2021
2022,1.375,3/16/2022
2022,1.625,3/16/2022
2022,1.625,3/16/2022
2022,1.625,3/16/2022
2022,1.875,3/16/2022
2022,1.875,3/16/2022
2022,1.875,3/16/2022
2022,1.875,3/16/2022
2022,1.875,3/16/2022
2022,2.125,3/16/2022
2022,2.125,3/16/2022
2022,2.375,3/16/2022
2022,2.375,3/16/2022
2022,2.375,3/16/2022
2022,2.625,3/16/2022
2022,3.125,3/16/2022
2023,2.125,3/16/2022
2023,2.375,3/16/2022
2023,2.375,3/16/2022
2023,2.375,3/16/2022
2023,2.375,3/16/2022
2023,2.625,3/16/2022
2023,2.625,3/16/2022
2023,2.625,3/16/2022
2023,2.875,3/16/2022
2023,2.875,3/16/2022
2023,2.875,3/16/2022
2023,3.125,3/16/2022
2023,3.125,3/16/2022
2023,3.375,3/16/2022
2023,3.625,3/16/2022
2023,3.625,3/16/2022
2024,2.125,3/16/2022
2024,2.125,3/16/2022
2024,2.25,3/16/2022
2024,2.375,3/16/2022
2024,2.375,3/16/2022
2024,2.375,3/16/2022
2024,2.625,3/16/2022
2024,2.625,3/16/2022
2024,2.875,3/16/2022
2024,2.875,3/16/2022
2024,2.875,3/16/2022
2024,3.125,3/16/2022
2024,3.375,3/16/2022
2024,3.375,3/16/2022
2024,3.625,3/16/2022
2024,3.625,3/16/2022
Longer Run,2,3/16/2022
Longer Run,2.25,3/16/2022
Longer Run,2.25,3/16/2022
Longer Run,2.25,3/16/2022
Longer Run,2.25,3/16/2022
Longer Run,2.25,3/16/2022
Longer Run,2.25,3/16/2022
Longer Run,2.375,3/16/2022
Longer Run,2.5,3/16/2022
Longer Run,2.5,3/16/2022
Longer Run,2.5,3/16/2022
Longer Run,2.5,3/16/2022
Longer Run,2.5,3/16/2022
Longer Run,3,3/16/2022
Longer Run,3,3/16/2022
2022,3.125,6/15/2022
2022,3.125,6/15/2022
2022,3.125,6/15/2022
2022,3.125,6/15/2022
2022,3.125,6/15/2022
2022,3.375,6/15/2022
2022,3.375,6/15/2022
2022,3.375,6/15/2022
2022,3.375,6/15/2022
2022,3.375,6/15/2022
2022,3.375,6/15/2022
2022,3.375,6/15/2022
2022,3.375,6/15/2022
2022,3.625,6/15/2022
2022,3.625,6/15/2022
2022,3.625,6/15/2022
2022,3.625,6/15/2022
2022,3.875,6/15/2022
2023,2.875,6/15/2022
2023,3.375,6/15/2022
2023,3.625,6/15/2022
2023,3.625,6/15/2022
2023,3.625,6/15/2022
2023,3.625,6/15/2022
2023,3.625,6/15/2022
2023,3.625,6/15/2022
2023,3.625,6/15/2022
2023,3.875,6/15/2022
2023,3.875,6/15/2022
2023,3.875,6/15/2022
2023,3.875,6/15/2022
2023,4.125,6/15/2022
2023,4.125,6/15/2022
2023,4.125,6/15/2022
2023,4.125,6/15/2022
2023,4.375,6/15/2022
2024,2.125,6/15/2022
2024,2.25,6/15/2022
2024,2.875,6/15/2022
2024,2.875,6/15/2022
2024,3.125,6/15/2022
2024,3.125,6/15/2022
2024,3.375,6/15/2022
2024,3.375,6/15/2022
2024,3.375,6/15/2022
2024,3.375,6/15/2022
2024,3.375,6/15/2022
2024,3.375,6/15/2022
2024,3.375,6/15/2022
2024,3.375,6/15/2022
2024,3.625,6/15/2022
2024,3.625,6/15/2022
2024,3.875,6/15/2022
2024,4.125,6/15/2022
Longer Run,2,6/15/2022
Longer Run,2.25,6/15/2022
Longer Run,2.25,6/15/2022
Longer Run,2.25,6/15/2022
Longer Run,2.25,6/15/2022
Longer Run,2.25,6/15/2022
Longer Run,2.25,6/15/2022
Longer Run,2.375,6/15/2022
Longer Run,2.5,6/15/2022
Longer Run,2.5,6/15/2022
Longer Run,2.5,6/15/2022
Longer Run,2.5,6/15/2022
Longer Run,2.5,6/15/2022
Longer Run,2.5,6/15/2022
Longer Run,2.5,6/15/2022
Longer Run,3,6/15/2022
Longer Run,3,6/15/2022
2022,3.875,9/21/2022
2022,4.125,9/21/2022
2022,4.125,9/21/2022
2022,4.125,9/21/2022
2022,4.125,9/21/2022
2022,4.125,9/21/2022
2022,4.125,9/21/2022
2022,4.125,9/21/2022
2022,4.125,9/21/2022
2022,4.375,9/21/2022
2022,4.375,9/21/2022
2022,4.375,9/21/2022
2022,4.375,9/21/2022
2022,4.375,9/21/2022
2022,4.375,9/21/2022
2022,4.375,9/21/2022
2022,4.375,9/21/2022
2022,4.375,9/21/2022
2022,4.625,9/21/2022
2023,3.875,9/21/2022
2023,4.375,9/21/2022
2023,4.375,9/21/2022
2023,4.375,9/21/2022
2023,4.375,9/21/2022
2023,4.375,9/21/2022
2023,4.625,9/21/2022
2023,4.625,9/21/2022
2023,4.625,9/21/2022
2023,4.625,9/21/2022
2023,4.625,9/21/2022
2023,4.625,9/21/2022
2023,4.875,9/21/2022
2023,4.875,9/21/2022
2023,4.875,9/21/2022
2024,2.625,9/21/2022
2024,2.875,9/21/2022
2024,3.125,9/21/2022
2024,3.375,9/21/2022
2024,3.375,9/21/2022
2024,3.375,9/21/2022
2024,3.625,9/21/2022
2024,3.625,9/21/2022
2024,3.625,9/21/2022
2024,3.875,9/21/2022
2024,3.875,9/21/2022
2024,3.875,9/21/2022
2024,3.875,9/21/2022
2024,4.125,9/21/2022
2024,4.125,9/21/2022
2024,4.375,9/21/2022
2024,4.375,9/21/2022
2024,4.625,9/21/2022
2024,4.625,9/21/2022
2025,2.375,9/21/2022
2025,2.375,9/21/2022
2025,2.375,9/21/2022
2025,2.375,9/21/2022
2025,2.625,9/21/2022
2025,2.625,9/21/2022
2025,2.875,9/21/2022
2025,2.875,9/21/2022
2025,2.875,9/21/2022
2025,3.125,9/21/2022
2025,3.125,9/21/2022
2025,3.125,9/21/2022
2025,3.125,9/21/2022
2025,3.375,9/21/2022
2025,3.375,9/21/2022
2025,3.625,9/21/2022
2025,3.625,9/21/2022
2025,4.625,9/21/2022
Longer Run,2.25,9/21/2022
Longer Run,2.25,9/21/2022
Longer Run,2.25,9/21/2022
Longer Run,2.25,9/21/2022
Longer Run,2.25,9/21/2022
Longer Run,2.25,9/21/2022
Longer Run,2.375,9/21/2022
Longer Run,2.5,9/21/2022
Longer Run,2.5,9/21/2022
Longer Run,2.5,9/21/2022
Longer Run,2.5,9/21/2022
Longer Run,2.5,9/21/2022
Longer Run,2.5,9/21/2022
Longer Run,2.5,9/21/2022
Longer Run,2.625,9/21/2022
Longer Run,3,9/21/2022
Longer Run,3,9/21/2022
2022,4.375,12/14/2022
2022,4.375,12/14/2022
2022,4.375,12/14/2022
2022,4.375,12/14/2022
2022,4.375,12/14/2022
2022,4.375,12/14/2022
2022,4.375,12/14/2022
2022,4.375,12/14/2022
2022,4.375,12/14/2022
2022,4.375,12/14/2022
2022,4.375,12/14/2022
2022,4.375,12/14/2022
2022,4.375,12/14/2022
2022,4.375,12/14/2022
2022,4.375,12/14/2022
2022,4.375,12/14/2022
2022,4.375,12/14/2022
2022,4.375,12/14/2022
2023,4.375,12/14/2022
2023,4.875,12/14/2022
2023,5.125,12/14/2022
2023,5.125,12/14/2022
2023,5.125,12/14/2022
2023,5.125,12/14/2022
2023,5.125,12/14/2022
2023,5.125,12/14/2022
2023,5.125,12/14/2022
2023,5.125,12/14/2022
2023,5.125,12/14/2022
2023,5.125,12/14/2022
2023,5.375,12/14/2022
2023,5.375,12/14/2022
2023,5.375,12/14/2022
2023,5.625,12/14/2022
2023,5.625,12/14/2022
2024,3.125,12/14/2022
2024,3.375,12/14/2022
2024,3.875,12/14/2022
2024,3.875,12/14/2022
2024,3.875,12/14/2022
2024,4.125,12/14/2022
2024,4.125,12/14/2022
2024,4.125,12/14/2022
2024,4.125,12/14/2022
2024,4.125,12/14/2022
2024,4.125,12/14/2022
2024,4.125,12/14/2022
2024,4.625,12/14/2022
2024,4.625,12/14/2022
2024,4.875,12/14/2022
2024,4.875,12/14/2022
2024,5.125,12/14/2022
2024,5.625,12/14/2022
2025,2.375,12/14/2022
2025,2.625,12/14/2022
2025,2.625,12/14/2022
2025,2.625,12/14/2022
2025,2.875,12/14/2022
2025,2.875,12/14/2022
2025,3.125,12/14/2022
2025,3.125,12/14/2022
2025,3.125,12/14/2022
2025,3.125,12/14/2022
2025,3.375,12/14/2022
2025,3.375,12/14/2022
2025,3.625,12/14/2022
2025,3.625,12/14/2022
2025,3.875,12/14/2022
2025,4.125,12/14/2022
2025,4.375,12/14/2022
2025,5.625,12/14/2022
Longer Run,2.25,12/14/2022
Longer Run,2.25,12/14/2022
Longer Run,2.25,12/14/2022
Longer Run,2.25,12/14/2022
Longer Run,2.375,12/14/2022
Longer Run,2.375,12/14/2022
Longer Run,2.5,12/14/2022
Longer Run,2.5,12/14/2022
Longer Run,2.5,12/14/2022
Longer Run,2.5,12/14/2022
Longer Run,2.5,12/14/2022
Longer Run,2.5,12/14/2022
Longer Run,2.5,12/14/2022
Longer Run,2.5,12/14/2022
Longer Run,2.5,12/14/2022
Longer Run,2.625,12/14/2022
Longer Run,3,12/14/2022
Longer Run,3.25,12/14/2022
2023,4.875,3/22/2023
2023,5.125,3/22/2023
2023,5.125,3/22/2023
2023,5.125,3/22/2023
2023,5.125,3/22/2023
2023,5.125,3/22/2023
2023,5.125,3/22/2023
2023,5.125,3/22/2023
2023,5.125,3/22/2023
2023,5.125,3/22/2023
2023,5.125,3/22/2023
2023,5.375,3/22/2023
2023,5.375,3/22/2023
2023,5.375,3/22/2023
2023,5.625,3/22/2023
2023,5.625,3/22/2023
2023,5.625,3/22/2023
2023,5.875,3/22/2023
2024,3.375,3/22/2023
2024,3.625,3/22/2023
2024,3.875,3/22/2023
2024,3.875,3/22/2023
2024,4.125,3/22/2023
2024,4.125,3/22/2023
2024,4.125,3/22/2023
2024,4.125,3/22/2023
2024,4.125,3/22/2023
2024,4.375,3/22/2023
2024,4.375,3/22/2023
2024,4.625,3/22/2023
2024,4.625,3/22/2023
2024,4.625,3/22/2023
2024,5.125,3/22/2023
2024,5.125,3/22/2023
2024,5.375,3/22/2023
2024,5.625,3/22/2023
2025,2.375,3/22/2023
2025,2.625,3/22/2023
2025,2.625,3/22/2023
2025,2.875,3/22/2023
2025,2.875,3/22/2023
2025,2.875,3/22/2023
2025,2.875,3/22/2023
2025,3.125,3/22/2023
2025,3.125,3/22/2023
2025,3.125,3/22/2023
2025,3.125,3/22/2023
2025,3.375,3/22/2023
2025,3.375,3/22/2023
2025,3.625,3/22/2023
2025,3.875,3/22/2023
2025,4.125,3/22/2023
2025,4.375,3/22/2023
2025,5.625,3/22/2023
Longer Run,2.25,3/22/2023
Longer Run,2.25,3/22/2023
Longer Run,2.25,3/22/2023
Longer Run,2.375,3/22/2023
Longer Run,2.375,3/22/2023
Longer Run,2.5,3/22/2023
Longer Run,2.5,3/22/2023
Longer Run,2.5,3/22/2023
Longer Run,2.5,3/22/2023
Longer Run,2.5,3/22/2023
Longer Run,2.5,3/22/2023
Longer Run,2.5,3/22/2023
Longer Run,2.5,3/22/2023
Longer Run,2.625,3/22/2023
Longer Run,3,3/22/2023
Longer Run,3.25,3/22/2023
Longer Run,3.625,3/22/2023
2023,5.125,6/14/2023
2023,5.125,6/14/2023
2023,5.375,6/14/2023
2023,5.375,6/14/2023
2023,5.375,6/14/2023
2023,5.375,6/14/2023
2023,5.625,6/14/2023
2023,5.625,6/14/2023
2023,5.625,6/14/2023
2023,5.625,6/14/2023
2023,5.625,6/14/2023
2023,5.625,6/14/2023
2023,5.625,6/14/2023
2023,5.625,6/14/2023
2023,5.625,6/14/2023
2023,5.875,6/14/2023
2023,5.875,6/14/2023
2023,6.125,6/14/2023
2024,3.625,6/14/2023
2024,4.125,6/14/2023
2024,4.375,6/14/2023
2024,4.375,6/14/2023
2024,4.375,6/14/2023
2024,4.375,6/14/2023
2024,4.375,6/14/2023
2024,4.375,6/14/2023
2024,4.625,6/14/2023
2024,4.625,6/14/2023
2024,4.875,6/14/2023
2024,4.875,6/14/2023
2024,5.125,6/14/2023
2024,5.125,6/14/2023
2024,5.125,6/14/2023
2024,5.625,6/14/2023
2024,5.625,6/14/2023
2024,5.875,6/14/2023
2025,2.375,6/14/2023
2025,2.625,6/14/2023
2025,2.625,6/14/2023
2025,2.875,6/14/2023
2025,3.125,6/14/2023
2025,3.125,6/14/2023
2025,3.125,6/14/2023
2025,3.375,6/14/2023
2025,3.375,6/14/2023
2025,3.375,6/14/2023
2025,3.625,6/14/2023
2025,3.625,6/14/2023
2025,3.875,6/14/2023
2025,4.125,6/14/2023
2025,4.125,6/14/2023
2025,4.625,6/14/2023
2025,4.875,6/14/2023
2025,5.625,6/14/2023
Longer Run,2.375,6/14/2023
Longer Run,2.375,6/14/2023
Longer Run,2.375,6/14/2023
Longer Run,2.5,6/14/2023
Longer Run,2.5,6/14/2023
Longer Run,2.5,6/14/2023
Longer Run,2.5,6/14/2023
Longer Run,2.5,6/14/2023
Longer Run,2.5,6/14/2023
Longer Run,2.5,6/14/2023
Longer Run,2.625,6/14/2023
Longer Run,2.625,6/14/2023
Longer Run,2.75,6/14/2023
Longer Run,2.75,6/14/2023
Longer Run,3,6/14/2023
Longer Run,3.25,6/14/2023
Longer Run,3.625,6/14/2023
2023,5.375,9/20/2023
2023,5.375,9/20/2023
2023,5.375,9/20/2023
2023,5.375,9/20/2023
2023,5.375,9/20/2023
2023,5.375,9/20/2023
2023,5.375,9/20/2023
2023,5.625,9/20/2023
2023,5.625,9/20/2023
2023,5.625,9/20/2023
2023,5.625,9/20/2023
2023,5.625,9/20/2023
2023,5.625,9/20/2023
2023,5.625,9/20/2023
2023,5.625,9/20/2023
2023,5.625,9/20/2023
2023,5.625,9/20/2023
2023,5.625,9/20/2023
2023,5.625,9/20/2023
2024,4.375,9/20/2023
2024,4.375,9/20/2023
2024,4.625,9/20/2023
2024,4.625,9/20/2023
2024,4.625,9/20/2023
2024,4.875,9/20/2023
2024,4.875,9/20/2023
2024,4.875,9/20/2023
2024,5.125,9/20/2023
2024,5.125,9/20/2023
2024,5.125,9/20/2023
2024,5.125,9/20/2023
2024,5.375,9/20/2023
2024,5.375,9/20/2023
2024,5.375,9/20/2023
2024,5.375,9/20/2023
2024,5.625,9/20/2023
2024,6.125,9/20/2023
2025,2.625,9/20/2023
2025,2.875,9/20/2023
2025,3.125,9/20/2023
2025,3.375,9/20/2023
2025,3.375,9/20/2023
2025,3.625,9/20/2023
2025,3.625,9/20/2023
2025,3.875,9/20/2023
2025,3.875,9/20/2023
2025,4.125,9/20/2023
2025,4.125,9/20/2023
2025,4.125,9/20/2023
2025,4.625,9/20/2023
2025,4.875,9/20/2023
2025,5.125,9/20/2023
2025,5.375,9/20/2023
2025,5.625,9/20/2023
2026,2.375,9/20/2023
2026,2.375,9/20/2023
2026,2.5,9/20/2023
2026,2.625,9/20/2023
2026,2.625,9/20/2023
2026,2.625,9/20/2023
2026,2.625,9/20/2023
2026,2.875,9/20/2023
2026,2.875,9/20/2023
2026,3.125,9/20/2023
2026,3.125,9/20/2023
2026,3.875,9/20/2023
2026,4.125,9/20/2023
2026,4.125,9/20/2023
2026,4.625,9/20/2023
2026,4.875,9/20/2023
2026,4.875,9/20/2023
Longer Run,2.375,9/20/2023
Longer Run,2.375,9/20/2023
Longer Run,2.5,9/20/2023
Longer Run,2.5,9/20/2023
Longer Run,2.5,9/20/2023
Longer Run,2.5,9/20/2023
Longer Run,2.5,9/20/2023
Longer Run,2.5,9/20/2023
Longer Run,2.5,9/20/2023
Longer Run,2.5,9/20/2023
Longer Run,2.625,9/20/2023
Longer Run,2.625,9/20/2023
Longer Run,3,9/20/2023
Longer Run,3.25,9/20/2023
Longer Run,3.5,9/20/2023
Longer Run,3.75,9/20/2023
Longer Run,3.75,9/20/2023
2023,5.375,12/13/2023
2023,5.375,12/13/2023
2023,5.375,12/13/2023
2023,5.375,12/13/2023
2023,5.375,12/13/2023
2023,5.375,12/13/2023
2023,5.375,12/13/2023
2023,5.375,12/13/2023
2023,5.375,12/13/2023
2023,5.375,12/13/2023
2023,5.375,12/13/2023
2023,5.375,12/13/2023
2023,5.375,12/13/2023
2023,5.375,12/13/2023
2023,5.375,12/13/2023
2023,5.375,12/13/2023
2023,5.375,12/13/2023
2023,5.375,12/13/2023
2024,3.875,12/13/2023
2024,4.375,12/13/2023
2024,4.375,12/13/2023
2024,4.375,12/13/2023
2024,4.375,12/13/2023
2024,4.625,12/13/2023
2024,4.625,12/13/2023
2024,4.625,12/13/2023
2024,4.625,12/13/2023
2024,4.625,12/13/2023
2024,4.625,12/13/2023
2024,4.875,12/13/2023
2024,4.875,12/13/2023
2024,4.875,12/13/2023
2024,5.125,12/13/2023
2024,5.375,12/13/2023
2024,5.375,12/13/2023
2024,5.375,12/13/2023
2025,2.375,12/13/2023
2025,2.875,12/13/2023
2025,3.125,12/13/2023
2025,3.125,12/13/2023
2025,3.375,12/13/2023
2025,3.375,12/13/2023
2025,3.375,12/13/2023
2025,3.375,12/13/2023
2025,3.625,12/13/2023
2025,3.625,12/13/2023
2025,3.875,12/13/2023
2025,3.875,12/13/2023
2025,3.875,12/13/2023
2025,3.875,12/13/2023
2025,4.125,12/13/2023
2025,4.375,12/13/2023
2025,5.375,12/13/2023
2026,2.375,12/13/2023
2026,2.375,12/13/2023
2026,2.5,12/13/2023
2026,2.625,12/13/2023
2026,2.625,12/13/2023
2026,2.625,12/13/2023
2026,2.625,12/13/2023
2026,2.875,12/13/2023
2026,2.875,12/13/2023
2026,2.875,12/13/2023
2026,2.875,12/13/2023
2026,3.125,12/13/2023
2026,3.125,12/13/2023
2026,3.125,12/13/2023
2026,3.125,12/13/2023
2026,3.375,12/13/2023
2026,3.625,12/13/2023
2026,4.875,12/13/2023
Longer Run,2.375,12/13/2023
Longer Run,2.375,12/13/2023
Longer Run,2.5,12/13/2023
Longer Run,2.5,12/13/2023
Longer Run,2.5,12/13/2023
Longer Run,2.5,12/13/2023
Longer Run,2.5,12/13/2023
Longer Run,2.5,12/13/2023
Longer Run,2.5,12/13/2023
Longer Run,2.5,12/13/2023
Longer Run,2.625,12/13/2023
Longer Run,2.75,12/13/2023
Longer Run,2.875,12/13/2023
Longer Run,3,12/13/2023
Longer Run,3.5,12/13/2023
Longer Run,3.5,12/13/2023
Longer Run,3.75,12/13/2023
2024,4.375,3/20/2024
2024,4.625,3/20/2024
2024,4.625,3/20/2024
2024,4.625,3/20/2024
2024,4.625,3/20/2024
2024,4.625,3/20/2024
2024,4.625,3/20/2024
2024,4.625,3/20/2024
2024,4.625,3/20/2024
2024,4.625,3/20/2024
2024,4.875,3/20/2024
2024,4.875,3/20/2024
2024,4.875,3/20/2024
2024,4.875,3/20/2024
2024,4.875,3/20/2024
2024,5.125,3/20/2024
2024,5.125,3/20/2024
2024,5.375,3/20/2024
2024,5.375,3/20/2024
2025,2.625,3/20/2024
2025,3.125,3/20/2024
2025,3.125,3/20/2024
2025,3.375,3/20/2024
2025,3.625,3/20/2024
2025,3.625,3/20/2024
2025,3.625,3/20/2024
2025,3.625,3/20/2024
2025,3.625,3/20/2024
2025,3.875,3/20/2024
2025,3.875,3/20/2024
2025,3.875,3/20/2024
2025,3.875,3/20/2024
2025,3.875,3/20/2024
2025,3.875,3/20/2024
2025,4.125,3/20/2024
2025,4.375,3/20/2024
2025,4.375,3/20/2024
2025,5.375,3/20/2024
2026,2.375,3/20/2024
2026,2.375,3/20/2024
2026,2.5,3/20/2024
2026,2.625,3/20/2024
2026,2.875,3/20/2024
2026,2.875,3/20/2024
2026,2.875,3/20/2024
2026,2.875,3/20/2024
2026,2.875,3/20/2024
2026,3.125,3/20/2024
2026,3.125,3/20/2024
2026,3.125,3/20/2024
2026,3.125,3/20/2024
2026,3.125,3/20/2024
2026,3.125,3/20/2024
2026,3.375,3/20/2024
2026,3.375,3/20/2024
2026,3.625,3/20/2024
2026,4.875,3/20/2024
Longer Run,2.375,3/20/2024
Longer Run,2.5,3/20/2024
Longer Run,2.5,3/20/2024
Longer Run,2.5,3/20/2024
Longer Run,2.5,3/20/2024
Longer Run,2.5,3/20/2024
Longer Run,2.5,3/20/2024
Longer Run,2.5,3/20/2024
Longer Run,2.5,3/20/2024
Longer Run,2.625,3/20/2024
Longer Run,2.75,3/20/2024
Longer Run,3,3/20/2024
Longer Run,3,3/20/2024
Longer Run,3,3/20/2024
Longer Run,3.125,3/20/2024
Longer Run,3.5,3/20/2024
Longer Run,3.5,3/20/2024
Longer Run,3.75,3/20/2024
2024,4.875,6/12/2024
2024,4.875,6/12/2024
2024,4.875,6/12/2024
2024,4.875,6/12/2024
2024,4.875,6/12/2024
2024,4.875,6/12/2024
2024,4.875,6/12/2024
2024,4.875,6/12/2024
2024,5.125,6/12/2024
2024,5.125,6/12/2024
2024,5.125,6/12/2024
2024,5.125,6/12/2024
2024,5.125,6/12/2024
2024,5.125,6/12/2024
2024,5.125,6/12/2024
2024,5.375,6/12/2024
2024,5.375,6/12/2024
2024,5.375,6/12/2024
2024,5.375,6/12/2024
2025,2.875,6/12/2024
2025,3.625,6/12/2024
2025,3.875,6/12/2024
2025,3.875,6/12/2024
2025,4.125,6/12/2024
2025,4.125,6/12/2024
2025,4.125,6/12/2024
2025,4.125,6/12/2024
2025,4.125,6/12/2024
2025,4.125,6/12/2024
2025,4.125,6/12/2024
2025,4.125,6/12/2024
2025,4.125,6/12/2024
2025,4.375,6/12/2024
2025,4.375,6/12/2024
2025,4.375,6/12/2024
2025,4.375,6/12/2024
2025,4.875,6/12/2024
2025,5.375,6/12/2024
2026,2.375,6/12/2024
2026,2.625,6/12/2024
2026,2.875,6/12/2024
2026,2.875,6/12/2024
2026,3.125,6/12/2024
2026,3.125,6/12/2024
2026,3.125,6/12/2024
2026,3.125,6/12/2024
2026,3.125,6/12/2024
2026,3.125,6/12/2024
2026,3.125,6/12/2024
2026,3.375,6/12/2024
2026,3.375,6/12/2024
2026,3.375,6/12/2024
2026,3.625,6/12/2024
2026,3.625,6/12/2024
2026,3.625,6/12/2024
2026,4.125,6/12/2024
2026,4.875,6/12/2024
Longer Run,2.375,6/12/2024
Longer Run,2.5,6/12/2024
Longer Run,2.5,6/12/2024
Longer Run,2.5,6/12/2024
Longer Run,2.5,6/12/2024
Longer Run,2.5,6/12/2024
Longer Run,2.625,6/12/2024
Longer Run,2.75,6/12/2024
Longer Run,2.75,6/12/2024
Longer Run,2.75,6/12/2024
Longer Run,3,6/12/2024
Longer Run,3,6/12/2024
Longer Run,3,6/12/2024
Longer Run,3,6/12/2024
Longer Run,3.125,6/12/2024
Longer Run,3.5,6/12/2024
Longer Run,3.5,6/12/2024
Longer Run,3.625,6/12/2024
Longer Run,3.75,6/12/2024
2024,4.125,9/18/2024
2024,4.375,9/18/2024
2024,4.375,9/18/2024
2024,4.375,9/18/2024
2024,4.375,9/18/2024
2024,4.375,9/18/2024
2024,4.375,9/18/2024
2024,4.375,9/18/2024
2024,4.375,9/18/2024
2024,4.375,9/18/2024
2024,4.625,9/18/2024
2024,4.625,9/18/2024
2024,4.625,9/18/2024
2024,4.625,9/18/2024
2024,4.625,9/18/2024
2024,4.625,9/18/2024
2024,4.625,9/18/2024
2024,4.875,9/18/2024
2024,4.875,9/18/2024
2025,2.875,9/18/2024
2025,2.875,9/18/2024
2025,3.125,9/18/2024
2025,3.125,9/18/2024
2025,3.125,9/18/2024
2025,3.125,9/18/2024
2025,3.125,9/18/2024
2025,3.125,9/18/2024
2025,3.375,9/18/2024
2025,3.375,9/18/2024
2025,3.375,9/18/2024
2025,3.375,9/18/2024
2025,3.375,9/18/2024
2025,3.375,9/18/2024
2025,3.625,9/18/2024
2025,3.625,9/18/2024
2025,3.875,9/18/2024
2025,4.125,9/18/2024
2026,2.375,9/18/2024
2026,2.625,9/18/2024
2026,2.625,9/18/2024
2026,2.875,9/18/2024
2026,2.875,9/18/2024
2026,2.875,9/18/2024
2026,2.875,9/18/2024
2026,2.875,9/18/2024
2026,2.875,9/18/2024
2026,3.125,9/18/2024
2026,3.125,9/18/2024
2026,3.375,9/18/2024
2026,3.375,9/18/2024
2026,3.625,9/18/2024
2026,3.625,9/18/2024
2026,3.875,9/18/2024
2027,2.375,9/18/2024
2027,2.375,9/18/2024
2027,2.625,9/18/2024
2027,2.625,9/18/2024
2027,2.625,9/18/2024
2027,2.875,9/18/2024
2027,2.875,9/18/2024
2027,2.875,9/18/2024
2027,2.875,9/18/2024
2027,2.875,9/18/2024
2027,3.125,9/18/2024
2027,3.125,9/18/2024
2027,3.375,9/18/2024
2027,3.375,9/18/2024
2027,3.375,9/18/2024
2027,3.625,9/18/2024
2027,3.625,9/18/2024
2027,3.875,9/18/2024
Longer Run,2.375,9/18/2024
Longer Run,2.5,9/18/2024
Longer Run,2.5,9/18/2024
Longer Run,2.5,9/18/2024
Longer Run,2.625,9/18/2024
Longer Run,2.75,9/18/2024
Longer Run,2.75,9/18/2024
Longer Run,2.75,9/18/2024
Longer Run,2.875,9/18/2024
Longer Run,2.875,9/18/2024
Longer Run,3,9/18/2024
Longer Run,3,9/18/2024
Longer Run,3.25,9/18/2024
Longer Run,3.375,9/18/2024
Longer Run,3.375,9/18/2024
Longer Run,3.5,9/18/2024
Longer Run,3.5,9/18/2024
Longer Run,3.625,9/18/2024
Longer Run,3.75,9/18/2024
2024,4.375,12/18/2024
2024,4.375,12/18/2024
2024,4.375,12/18/2024
2024,4.375,12/18/2024
2024,4.375,12/18/2024
2024,4.375,12/18/2024
2024,4.375,12/18/2024
2024,4.375,12/18/2024
2024,4.375,12/18/2024
2024,4.375,12/18/2024
2024,4.375,12/18/2024
2024,4.375,12/18/2024
2024,4.375,12/18/2024
2024,4.375,12/18/2024
2024,4.375,12/18/2024
2024,4.625,12/18/2024
2024,4.625,12/18/2024
2024,4.625,12/18/2024
2024,4.625,12/18/2024
2025,3.125,12/18/2024
2025,3.375,12/18/2024
2025,3.625,12/18/2024
2025,3.625,12/18/2024
2025,3.875,12/18/2024
2025,3.875,12/18/2024
2025,3.875,12/18/2024
2025,3.875,12/18/2024
2025,3.875,12/18/2024
2025,3.875,12/18/2024
2025,3.875,12/18/2024
2025,3.875,12/18/2024
2025,3.875,12/18/2024
2025,3.875,12/18/2024
2025,4.125,12/18/2024
2025,4.125,12/18/2024
2025,4.125,12/18/2024
2025,4.375,12/18/2024
2026,2.375,12/18/2024
2026,2.75,12/18/2024
2026,2.875,12/18/2024
2026,3.125,12/18/2024
2026,3.125,12/18/2024
2026,3.125,12/18/2024
2026,3.125,12/18/2024
2026,3.375,12/18/2024
2026,3.375,12/18/2024
2026,3.375,12/18/2024
2026,3.375,12/18/2024
2026,3.625,12/18/2024
2026,3.625,12/18/2024
2026,3.625,12/18/2024
2026,3.625,12/18/2024
2026,3.875,12/18/2024
2026,3.875,12/18/2024
2027,2.375,12/18/2024
2027,2.625,12/18/2024
2027,2.75,12/18/2024
2027,2.875,12/18/2024
2027,2.875,12/18/2024
2027,3.125,12/18/2024
2027,3.125,12/18/2024
2027,3.125,12/18/2024
2027,3.125,12/18/2024
2027,3.125,12/18/2024
2027,3.125,12/18/2024
2027,3.125,12/18/2024
2027,3.375,12/18/2024
2027,3.625,12/18/2024
2027,3.625,12/18/2024
2027,3.625,12/18/2024
2027,3.625,12/18/2024
2027,3.875,12/18/2024
2027,3.875,12/18/2024
Longer Run,2.375,12/18/2024
Longer Run,2.5,12/18/2024
Longer Run,2.625,12/18/2024
Longer Run,2.75,12/18/2024
Longer Run,2.875,12/18/2024
Longer Run,2.875,12/18/2024
Longer Run,2.875,12/18/2024
Longer Run,2.875,12/18/2024
Longer Run,3,12/18/2024
Longer Run,3,12/18/2024
Longer Run,3.125,12/18/2024
Longer Run,3.375,12/18/2024
Longer Run,3.5,12/18/2024
Longer Run,3.5,12/18/2024
Longer Run,3.625,12/18/2024
Longer Run,3.625,12/18/2024
Longer Run,3.75,12/18/2024
Longer Run,3.875,12/18/2024
2025,3.625,3/19/2025
2025,3.625,3/19/2025
2025,3.875,3/19/2025
2025,3.875,3/19/2025
2025,3.875,3/19/2025
2025,3.875,3/19/2025
2025,3.875,3/19/2025
2025,3.875,3/19/2025
2025,3.875,3/19/2025
2025,3.875,3/19/2025
2025,3.875,3/19/2025
2025,4.125,3/19/2025
2025,4.125,3/19/2025
2025,4.125,3/19/2025
2025,4.125,3/19/2025
2025,4.375,3/19/2025
2025,4.375,3/19/2025
2025,4.375,3/19/2025
2025,4.375,3/19/2025
2026,2.875,3/19/2025
2026,2.875,3/19/2025
2026,2.875,3/19/2025
2026,3.125,3/19/2025
2026,3.375,3/19/2025
2026,3.375,3/19/2025
2026,3.375,3/19/2025
2026,3.375,3/19/2025
2026,3.375,3/19/2025
2026,3.375,3/19/2025
2026,3.375,3/19/2025
2026,3.375,3/19/2025
2026,3.375,3/19/2025
2026,3.625,3/19/2025
2026,3.625,3/19/2025
2026,3.875,3/19/2025
2026,4.125,3/19/2025
2026,4.125,3/19/2025
2026,4.125,3/19/2025
2027,2.625,3/19/2025
2027,2.625,3/19/2025
2027,2.875,3/19/2025
2027,2.875,3/19/2025
2027,2.875,3/19/2025
2027,3.125,3/19/2025
2027,3.125,3/19/2025
2027,3.125,3/19/2025
2027,3.125,3/19/2025
2027,3.125,3/19/2025
2027,3.125,3/19/2025
2027,3.375,3/19/2025
2027,3.375,3/19/2025
2027,3.625,3/19/2025
2027,3.625,3/19/2025
2027,3.625,3/19/2025
2027,3.625,3/19/2025
2027,3.875,3/19/2025
2027,3.875,3/19/2025
Longer Run,2.5,3/19/2025
Longer Run,2.5,3/19/2025
Longer Run,2.625,3/19/2025
Longer Run,2.625,3/19/2025
Longer Run,2.875,3/19/2025
Longer Run,2.875,3/19/2025
Longer Run,2.875,3/19/2025
Longer Run,2.875,3/19/2025
Longer Run,3,3/19/2025
Longer Run,3,3/19/2025
Longer Run,3,3/19/2025
Longer Run,3.125,3/19/2025
Longer Run,3.375,3/19/2025
Longer Run,3.5,3/19/2025
Longer Run,3.5,3/19/2025
Longer Run,3.625,3/19/2025
Longer Run,3.625,3/19/2025
Longer Run,3.75,3/19/2025
Longer Run,3.875,3/19/2025
2025,3.625,6/18/2025
2025,3.625,6/18/2025
2025,3.875,6/18/2025
2025,3.875,6/18/2025
2025,3.875,6/18/2025
2025,3.875,6/18/2025
2025,3.875,6/18/2025
2025,3.875,6/18/2025
2025,3.875,6/18/2025
2025,3.875,6/18/2025
2025,4.125,6/18/2025
2025,4.125,6/18/2025
2025,4.375,6/18/2025
2025,4.375,6/18/2025
2025,4.375,6/18/2025
2025,4.375,6/18/2025
2025,4.375,6/18/2025
2025,4.375,6/18/2025
2025,4.375,6/18/2025
2026,2.625,6/18/2025
2026,2.875,6/18/2025
2026,3.125,6/18/2025
2026,3.125,6/18/2025
2026,3.375,6/18/2025
2026,3.375,6/18/2025
2026,3.375,6/18/2025
2026,3.375,6/18/2025
2026,3.375,6/18/2025
2026,3.625,6/18/2025
2026,3.625,6/18/2025
2026,3.625,6/18/2025
2026,3.625,6/18/2025
2026,3.875,6/18/2025
2026,3.875,6/18/2025
2026,3.875,6/18/2025
2026,3.875,6/18/2025
2026,3.875,6/18/2025
2026,4.125,6/18/2025
2027,2.625,6/18/2025
2027,2.625,6/18/2025
2027,2.875,6/18/2025
2027,2.875,6/18/2025
2027,2.875,6/18/2025
2027,3.125,6/18/2025
2027,3.125,6/18/2025
2027,3.125,6/18/2025
2027,3.375,6/18/2025
2027,3.375,6/18/2025
2027,3.375,6/18/2025
2027,3.375,6/18/2025
2027,3.375,6/18/2025
2027,3.375,6/18/2025
2027,3.625,6/18/2025
2027,3.625,6/18/2025
2027,3.625,6/18/2025
2027,3.875,6/18/2025
2027,3.875,6/18/2025
Longer Run,2.5,6/18/2025
Longer Run,2.5,6/18/2025
Longer Run,2.625,6/18/2025
Longer Run,2.625,6/18/2025
Longer Run,2.875,6/18/2025
Longer Run,2.875,6/18/2025
Longer Run,2.875,6/18/2025
Longer Run,2.875,6/18/2025
Longer Run,3,6/18/2025
Longer Run,3,6/18/2025
Longer Run,3,6/18/2025
Longer Run,3.125,6/18/2025
Longer Run,3.375,6/18/2025
Longer Run,3.5,6/18/2025
Longer Run,3.5,6/18/2025
Longer Run,3.625,6/18/2025
Longer Run,3.625,6/18/2025
Longer Run,3.75,6/18/2025
Longer Run,3.875,6/18/2025
2025,2.875,9/17/2025
2025,3.625,9/17/2025
2025,3.625,9/17/2025
2025,3.625,9/17/2025
2025,3.625,9/17/2025
2025,3.625,9/17/2025
2025,3.625,9/17/2025
2025,3.625,9/17/2025
2025,3.625,9/17/2025
2025,3.625,9/17/2025
2025,3.875,9/17/2025
2025,3.875,9/17/2025
2025,4.125,9/17/2025
2025,4.125,9/17/2025
2025,4.125,9/17/2025
2025,4.125,9/17/2025
2025,4.125,9/17/2025
2025,4.125,9/17/2025
2025,4.375,9/17/2025
2026,2.625,9/17/2025
2026,2.625,9/17/2025
2026,2.875,9/17/2025
2026,2.875,9/17/2025
2026,3.125,9/17/2025
2026,3.125,9/17/2025
2026,3.125,9/17/2025
2026,3.125,9/17/2025
2026,3.375,9/17/2025
2026,3.375,9/17/2025
2026,3.625,9/17/2025
2026,3.625,9/17/2025
2026,3.625,9/17/2025
2026,3.625,9/17/2025
2026,3.625,9/17/2025
2026,3.875,9/17/2025
2026,3.875,9/17/2025
2027,2.375,9/17/2025
2027,2.625,9/17/2025
2027,2.625,9/17/2025
2027,2.875,9/17/2025
2027,2.875,9/17/2025
2027,2.875,9/17/2025
2027,3.125,9/17/2025
2027,3.125,9/17/2025
2027,3.125,9/17/2025
2027,3.125,9/17/2025
2027,3.125,9/17/2025
2027,3.125,9/17/2025
2027,3.125,9/17/2025
2027,3.375,9/17/2025
2027,3.375,9/17/2025
2027,3.625,9/17/2025
2027,3.625,9/17/2025
2027,3.875,9/17/2025
2027,3.875,9/17/2025
2028,2.625,9/17/2025
2028,2.625,9/17/2025
2028,2.625,9/17/2025
2028,2.75,9/17/2025
2028,2.875,9/17/2025
2028,2.875,9/17/2025
2028,2.875,9/17/2025
2028,2.875,9/17/2025
2028,3.125,9/17/2025
2028,3.125,9/17/2025
2028,3.125,9/17/2025
2028,3.125,9/17/2025
2028,3.125,9/17/2025
2028,3.375,9/17/2025
2028,3.375,9/17/2025
2028,3.625,9/17/2025
2028,3.625,9/17/2025
2028,3.875,9/17/2025
2028,3.875,9/17/2025
Longer Run,2.625,9/17/2025
Longer Run,2.625,9/17/2025
Longer Run,2.625,9/17/2025
Longer Run,2.75,9/17/2025
Longer Run,2.75,9/17/2025
Longer Run,2.875,9/17/2025
Longer Run,3,9/17/2025
Longer Run,3,9/17/2025
Longer Run,3,9/17/2025
Longer Run,3,9/17/2025
Longer Run,3.125,9/17/2025
Longer Run,3.125,9/17/2025
Longer Run,3.25,9/17/2025
Longer Run,3.375,9/17/2025
Longer Run,3.375,9/17/2025
Longer Run,3.5,9/17/2025
Longer Run,3.625,9/17/2025
Longer Run,3.75,9/17/2025
Longer Run,3.875,9/17/2025
2025,3.375,12/10/2025
2025,3.625,12/10/2025
2025,3.625,12/10/2025
2025,3.625,12/10/2025
2025,3.625,12/10/2025
2025,3.625,12/10/2025
2025,3.625,12/10/2025
2025,3.625,12/10/2025
2025,3.625,12/10/2025
2025,3.625,12/10/2025
2025,3.625,12/10/2025
2025,3.625,12/10/2025
2025,3.875,12/10/2025
2025,3.875,12/10/2025
2025,3.875,12/10/2025
2025,3.875,12/10/2025
2025,3.875,12/10/2025
2025,3.875,12/10/2025
2026,2.125,12/10/2025
2026,2.625,12/10/2025
2026,2.875,12/10/2025
2026,2.875,12/10/2025
2026,3.125,12/10/2025
2026,3.125,12/10/2025
2026,3.125,12/10/2025
2026,3.125,12/10/2025
2026,3.375,12/10/2025
2026,3.375,12/10/2025
2026,3.375,12/10/2025
2026,3.375,12/10/2025
2026,3.625,12/10/2025
2026,3.625,12/10/2025
2026,3.625,12/10/2025
2026,3.875,12/10/2025
2026,3.875,12/10/2025
2026,3.875,12/10/2025
2027,2.375,12/10/2025
2027,2.625,12/10/2025
2027,2.625,12/10/2025
2027,2.875,12/10/2025
2027,2.875,12/10/2025
2027,2.875,12/10/2025
2027,3.125,12/10/2025
2027,3.125,12/10/2025
2027,3.125,12/10/2025
2027,3.125,12/10/2025
2027,3.125,12/10/2025
2027,3.125,12/10/2025
2027,3.375,12/10/2025
2027,3.375,12/10/2025
2027,3.375,12/10/2025
2027,3.625,12/10/2025
2027,3.625,12/10/2025
2027,3.875,12/10/2025
2027,3.875,12/10/2025
2028,2.625,12/10/2025
2028,2.625,12/10/2025
2028,2.625,12/10/2025
2028,2.75,12/10/2025
2028,2.875,12/10/2025
2028,2.875,12/10/2025
2028,2.875,12/10/2025
2028,3.125,12/10/2025
2028,3.125,12/10/2025
2028,3.125,12/10/2025
2028,3.125,12/10/2025
2028,3.125,12/10/2025
2028,3.125,12/10/2025
2028,3.375,12/10/2025
2028,3.375,12/10/2025
2028,3.625,12/10/2025
2028,3.625,12/10/2025
2028,3.875,12/10/2025
2028,3.875,12/10/2025
Longer Run,2.625,12/10/2025
Longer Run,2.625,12/10/2025
Longer Run,2.625,12/10/2025
Longer Run,2.75,12/10/2025
Longer Run,2.875,12/10/2025
Longer Run,3,12/10/2025
Longer Run,3,12/10/2025
Longer Run,3,12/10/2025
Longer Run,3,12/10/2025
Longer Run,3,12/10/2025
Longer Run,3.125,12/10/2025
Longer Run,3.125,12/10/2025
Longer Run,3.25,12/10/2025
Longer Run,3.375,12/10/2025
Longer Run,3.375,12/10/2025
Longer Run,3.5,12/10/2025
Longer Run,3.625,12/10/2025
Longer Run,3.75,12/10/2025
Longer Run,3.875,12/10/2025
2026,2.625,3/18/2026
2026,2.875,3/18/2026
2026,2.875,3/18/2026
2026,3.125,3/18/2026
2026,3.125,3/18/2026
2026,3.375,3/18/2026
2026,3.375,3/18/2026
2026,3.375,3/18/2026
2026,3.375,3/18/2026
2026,3.375,3/18/2026
2026,3.375,3/18/2026
2026,3.375,3/18/2026
2026,3.625,3/18/2026
2026,3.625,3/18/2026
2026,3.625,3/18/2026
2026,3.625,3/18/2026
2026,3.625,3/18/2026
2026,3.625,3/18/2026
2026,3.625,3/18/2026
2027,2.375,3/18/2026
2027,2.625,3/18/2026
2027,2.875,3/18/2026
2027,2.875,3/18/2026
2027,2.875,3/18/2026
2027,3.125,3/18/2026
2027,3.125,3/18/2026
2027,3.125,3/18/2026
2027,3.125,3/18/2026
2027,3.125,3/18/2026
2027,3.125,3/18/2026
2027,3.375,3/18/2026
2027,3.375,3/18/2026
2027,3.375,3/18/2026
2027,3.375,3/18/2026
2027,3.625,3/18/2026
2027,3.625,3/18/2026
2027,3.625,3/18/2026
2027,3.875,3/18/2026
2028,2.625,3/18/2026
2028,2.625,3/18/2026
2028,2.875,3/18/2026
2028,2.875,3/18/2026
2028,2.875,3/18/2026
2028,3.125,3/18/2026
2028,3.125,3/18/2026
2028,3.125,3/18/2026
2028,3.125,3/18/2026
2028,3.125,3/18/2026
2028,3.125,3/18/2026
2028,3.125,3/18/2026
2028,3.375,3/18/2026
2028,3.375,3/18/2026
2028,3.375,3/18/2026
2028,3.625,3/18/2026
2028,3.625,3/18/2026
2028,3.625,3/18/2026
2028,3.875,3/18/2026
Longer Run,2.625,3/18/2026
Longer Run,2.625,3/18/2026
Longer Run,2.875,3/18/2026
Longer Run,2.875,3/18/2026
Longer Run,3,3/18/2026
Longer Run,3,3/18/2026
Longer Run,3,3/18/2026
Longer Run,3,3/18/2026
Longer Run,3,3/18/2026
Longer Run,3.125,3/18/2026
Longer Run,3.125,3/18/2026
Longer Run,3.125,3/18/2026
Longer Run,3.25,3/18/2026
Longer Run,3.375,3/18/2026
Longer Run,3.375,3/18/2026
Longer Run,3.5,3/18/2026
Longer Run,3.625,3/18/2026
Longer Run,3.75,3/18/2026
Longer Run,3.875,3/18/2026
2026,3.375,6/17/2026
2026,3.625,6/17/2026
2026,3.625,6/17/2026
2026,3.625,6/17/2026
2026,3.625,6/17/2026
2026,3.625,6/17/2026
2026,3.625,6/17/2026
2026,3.625,6/17/2026
2026,3.625,6/17/2026
2026,3.875,6/17/2026
2026,3.875,6/17/2026
2026,3.875,6/17/2026
2026,4.125,6/17/2026
2026,4.125,6/17/2026
2026,4.125,6/17/2026
2026,4.125,6/17/2026
2026,4.125,6/17/2026
2026,4.375,6/17/2026
2027,2.875,6/17/2026
2027,3.125,6/17/2026
2027,3.125,6/17/2026
2027,3.125,6/17/2026
2027,3.125,6/17/2026
2027,3.375,6/17/2026
2027,3.375,6/17/2026
2027,3.375,6/17/2026
2027,3.625,6/17/2026
2027,3.625,6/17/2026
2027,3.875,6/17/2026
2027,3.875,6/17/2026
2027,3.875,6/17/2026
2027,3.875,6/17/2026
2027,3.875,6/17/2026
2027,4.125,6/17/2026
2027,4.125,6/17/2026
2027,4.375,6/17/2026
2028,2.875,6/17/2026
2028,3.125,6/17/2026
2028,3.125,6/17/2026
2028,3.125,6/17/2026
2028,3.125,6/17/2026
2028,3.125,6/17/2026
2028,3.125,6/17/2026
2028,3.375,6/17/2026
2028,3.375,6/17/2026
2028,3.625,6/17/2026
2028,3.625,6/17/2026
2028,3.625,6/17/2026
2028,3.625,6/17/2026
2028,3.625,6/17/2026
2028,3.875,6/17/2026
2028,3.875,6/17/2026
2028,3.875,6/17/2026
Longer Run,2.875,6/17/2026
Longer Run,2.875,6/17/2026
Longer Run,3,6/17/2026
Longer Run,3,6/17/2026
Longer Run,3,6/17/2026
Longer Run,3,6/17/2026
Longer Run,3,6/17/2026
Longer Run,3,6/17/2026
Longer Run,3,6/17/2026
Longer Run,3.125,6/17/2026
Longer Run,3.125,6/17/2026
Longer Run,3.25,6/17/2026
Longer Run,3.375,6/17/2026
Longer Run,3.375,6/17/2026
Longer Run,3.5,6/17/2026
Longer Run,3.625,6/17/2026
Longer Run,3.75,6/17/2026
Longer Run,3.875,6/17/2026
2026,4.375,9/16/2026
2026,4.375,9/16/2026
2026,4.375,9/16/2026
2026,4.375,9/16/2026
2026,4.125,9/16/2026
2026,4.125,9/16/2026
2026,4.125,9/16/2026
2026,4.125,9/16/2026
2026,4.125,9/16/2026
2026,4.125,9/16/2026
2026,4.125,9/16/2026
2026,4.125,9/16/2026
2026,4.125,9/16/2026
2026,4.125,9/16/2026
2026,4.125,9/16/2026
2026,4.125,9/16/2026
2026,3.875,9/16/2026
2026,3.875,9/16/2026
2027,4.375,9/16/2026
2027,4.375,9/16/2026
2027,4.375,9/16/2026
2027,4.375,9/16/2026
2027,4.375,9/16/2026
2027,4.375,9/16/2026
2027,4.375,9/16/2026
2027,4.375,9/16/2026
2027,4.125,9/16/2026
2027,4.125,9/16/2026
2027,4.125,9/16/2026
2027,4.125,9/16/2026
2027,4.125,9/16/2026
2027,4.125,9/16/2026
2027,3.625,9/16/2026
2027,3.625,9/16/2026
2027,3.625,9/16/2026
2027,3.125,9/16/2026
2028,4.125,9/16/2026
2028,4.125,9/16/2026
2028,4.125,9/16/2026
2028,4.125,9/16/2026
2028,3.875,9/16/2026
2028,3.875,9/16/2026
2028,3.875,9/16/2026
2028,3.875,9/16/2026
2028,3.875,9/16/2026
2028,3.625,9/16/2026
2028,3.625,9/16/2026
2028,3.625,9/16/2026
2028,3.375,9/16/2026
2028,3.125,9/16/2026
2028,3.125,9/16/2026
2028,3.125,9/16/2026
2028,3.125,9/16/2026
2029,3.875,9/16/2026
2029,3.875,9/16/2026
2029,3.875,9/16/2026
2029,3.625,9/16/2026
2029,3.625,9/16/2026
2029,3.625,9/16/2026
2029,3.625,9/16/2026
2029,3.625,9/16/2026
2029,3.625,9/16/2026
2029,3.625,9/16/2026
2029,3.375,9/16/2026
2029,3.375,9/16/2026
2029,3.125,9/16/2026
2029,3.125,9/16/2026
2029,3.125,9/16/2026
2029,3.125,9/16/2026
2029,2.875,9/16/2026
Longer run,3.875,9/16/2026
Longer run,3.875,9/16/2026
Longer run,3.75,9/16/2026
Longer run,3.625,9/16/2026
Longer run,3.625,9/16/2026
Longer run,3.5,9/16/2026
Longer run,3.5,9/16/2026
Longer run,3.375,9/16/2026
Longer run,3.25,9/16/2026
Longer run,3.25,9/16/2026
Longer run,3.125,9/16/2026
Longer run,3,9/16/2026
Longer run,3,9/16/2026
Longer run,3,9/16/2026
Longer run,3,9/16/2026
Longer run,3,9/16/2026
Longer run,3,9/16/2026
Longer run,2.875,9/16/2026
